id,name,description,category,tier,country,city,address,coordinates_lat,coordinates_lng,food_type,dining_type,seating,parking_available,surroundings,reviews,tags ,image_url,status,created_by,created_at,updated_at,photos,status_tag,slug
82a902cd-05f6-4781-875f-48d3ebc1a671,Bistro Proti Proudu,"A real originator of Prague’s stripped-down modern brunch movement and still quietly doing it better than many newer polished copies. Minimalist, no-fuss, consistently tasty and deserving extra respect for helping set the tone long before this style was everywhere.",Bistro,Great,Czech Republic,Prague,"Prague 8 - Karlin, Prague",50.097,14.434,Coffee,Breakfast,outdoor,FALSE,,,"[""Coffee"",""Baked goods"",""Brunch"",""Breakfast"",""Drinks""]",https://dgncazemkqsfxxmjdrbq.supabase.co/storage/v1/object/public/establishment-photos/seed/p7-proti-proudu/web-0.jpg,published,,2026-04-21 08:16:39.430575+00,2026-04-21 08:30:51.734006+00,"[""https://dgncazemkqsfxxmjdrbq.supabase.co/storage/v1/object/public/establishment-photos/seed/p7-proti-proudu/web-0.jpg"",""https://dgncazemkqsfxxmjdrbq.supabase.co/storage/v1/object/public/establishment-photos/seed/p7-proti-proudu/web-1.jpg"",""https://dgncazemkqsfxxmjdrbq.supabase.co/storage/v1/object/public/establishment-photos/seed/p7-proti-proudu/ai-0.png""]",verified,p7-proti-proudu
1c2acf75-d95d-4d1c-a33e-9981499ff0a4,L’objet trouve,"Stylish new café-bar hybrid that feels part Paris wine nook, part design-conscious Letna hideaway. Coffee and daytime lounging gradually give way to evening glasses and small plates, making this one of those flexible newer spots that works from slow afternoon to casual drinks.",Bar,New,Czech Republic,Prague,"Prague 7, Prague",50.097,14.434,Wine,Drinks,indoor,FALSE,,,"[""Cafe""]",,published,,2026-04-21 08:17:05.402883+00,2026-04-21 08:17:05.402883+00,[],verified,p7-lobjet-trouve
d9a353a7-1c66-433b-817d-fffd2c392c21,Hong Kong,"Long-standing Karlín favorite for Asian fusion that manages to stay lively and consistently good years after the hype wave that launched it. Loud room, bold flavors and a menu people keep returning to for dependable group dinners and energetic nights out.",Restaurant,Great,Czech Republic,Prague,"Prague 8 - Karlin, Prague",50.097,14.434,Asian Fusion,Dinner,indoor,FALSE,,,"[""Asian Fusion""]",https://dgncazemkqsfxxmjdrbq.supabase.co/storage/v1/object/public/establishment-photos/seed/p7-hong-kong/ai-0.png,published,,2026-04-21 08:36:26.736819+00,2026-04-21 08:36:26.736819+00,"[""https://dgncazemkqsfxxmjdrbq.supabase.co/storage/v1/object/public/establishment-photos/seed/p7-hong-kong/ai-0.png"",""https://dgncazemkqsfxxmjdrbq.supabase.co/storage/v1/object/public/establishment-photos/seed/p7-hong-kong/ai-1.png"",""https://dgncazemkqsfxxmjdrbq.supabase.co/storage/v1/object/public/establishment-photos/seed/p7-hong-kong/ai-2.png""]",verified,p7-hong-kong
9e681178-612c-4409-b140-7a4b54092ca9,Cobra,"Trend-setting Holešovice bar known more for lazy brunches and energetic evenings than serious dining. Come for drinks, people and atmosphere first, with select food options if you need to stay longer (or till sunrise).",Bar,Great,Czech Republic,Prague,"Prague 7, Prague",50.097,14.434,Cocktails,Drinks,indoor,FALSE,,,"[""Breakfast"",""Beer"",""Dinner"",""Bar"",""Wine"",""Cocktails""]",https://dgncazemkqsfxxmjdrbq.supabase.co/storage/v1/object/public/establishment-photos/seed/p7-cobra/web-0.jpg,published,,2026-04-21 08:13:00.902611+00,2026-04-21 08:13:09.592702+00,"[""https://dgncazemkqsfxxmjdrbq.supabase.co/storage/v1/object/public/establishment-photos/seed/p7-cobra/web-0.jpg"",""https://dgncazemkqsfxxmjdrbq.supabase.co/storage/v1/object/public/establishment-photos/seed/p7-cobra/web-1.jpg"",""https://dgncazemkqsfxxmjdrbq.supabase.co/storage/v1/object/public/establishment-photos/seed/p7-cobra/web-2.jpg""]",verified,p7-cobra
4997c6a1-e931-4955-9d28-c97e0b247674,Crème de la Crème - Holečovice,"Fourth outpost of one of Prague’s most trusted artisan gelato name and  the richest scoops in town. Come here for dense creamy ice cream with classic, vegan and sorbet flavors .",Ice Cream Shop,Great,Czech Republic,Prague,"Prague 7, Prague",50.097,14.434,Ice Cream,Dessert,outdoor,FALSE,,,"[""Ice cream""]",https://dgncazemkqsfxxmjdrbq.supabase.co/storage/v1/object/public/establishment-photos/seed/p7-creme-de-la-creme-holesovice/web-0.webp,published,,2026-04-21 08:13:11.344447+00,2026-04-21 08:13:11.344447+00,"[""https://dgncazemkqsfxxmjdrbq.supabase.co/storage/v1/object/public/establishment-photos/seed/p7-creme-de-la-creme-holesovice/web-0.webp"",""https://dgncazemkqsfxxmjdrbq.supabase.co/storage/v1/object/public/establishment-photos/seed/p7-creme-de-la-creme-holesovice/web-1.png"",""https://dgncazemkqsfxxmjdrbq.supabase.co/storage/v1/object/public/establishment-photos/seed/p7-creme-de-la-creme-holesovice/web-2.jpg""]",verified,p7-creme-de-la-creme-holesovice
3f083c16-cc13-4d34-8719-900ae1c4c97a,Pizza Gatto Nero Letná,"New Holešovice opening from the proven Gatto Nero pizza group bringing classic Italian pies into a raw brick space. Small garden, relaxed atmosphere and an easy reliable stop when pizza is the mood.",Restaurant,New,Czech Republic,Prague,"Prague 7, Prague",50.097,14.434,Pizza,Dinner,indoor,FALSE,,,"[""Pizza""]",https://dgncazemkqsfxxmjdrbq.supabase.co/storage/v1/object/public/establishment-photos/seed/p7-pizza-gato-nero/web-0.jpg,published,,2026-04-21 08:13:12.10952+00,2026-04-21 08:13:12.10952+00,"[""https://dgncazemkqsfxxmjdrbq.supabase.co/storage/v1/object/public/establishment-photos/seed/p7-pizza-gato-nero/web-0.jpg"",""https://dgncazemkqsfxxmjdrbq.supabase.co/storage/v1/object/public/establishment-photos/seed/p7-pizza-gato-nero/web-1.jpg"",""https://dgncazemkqsfxxmjdrbq.supabase.co/storage/v1/object/public/establishment-photos/seed/p7-pizza-gato-nero/web-2.jpg""]",verified,p7-pizza-gato-nero
ee4de79d-2eb0-47ed-8cb9-2de8457fd364,Kafe Francin,"Solid neighborhood café that covers more than just coffee with its own roasting, homemade desserts and easy breakfast or lunch options. Good for takeaway, good for sitting down, and one of those dependable local spots you end up returning to.",Cafe,Great,Czech Republic,Prague,"Prague 7, Prague",50.097,14.434,Coffee,Breakfast,indoor,FALSE,,,"[""Coffee"",""Breakfast"",""Lunch""]",https://dgncazemkqsfxxmjdrbq.supabase.co/storage/v1/object/public/establishment-photos/seed/p7-cafe-francin/web-0.jpg,published,,2026-04-21 08:13:13.306029+00,2026-04-21 08:13:13.306029+00,"[""https://dgncazemkqsfxxmjdrbq.supabase.co/storage/v1/object/public/establishment-photos/seed/p7-cafe-francin/web-0.jpg"",""https://dgncazemkqsfxxmjdrbq.supabase.co/storage/v1/object/public/establishment-photos/seed/p7-cafe-francin/web-1.jpg"",""https://dgncazemkqsfxxmjdrbq.supabase.co/storage/v1/object/public/establishment-photos/seed/p7-cafe-francin/web-2.jpg""]",verified,p7-cafe-francin
150ca16b-40a6-43ae-9a8d-b7c17f1e69ff,Osada,"One of Holešovice’s top all-round neighborhood staples long before the area became overcrowded with options. Big garden, extra downstairs space, strong coffee, cakes, breakfast, lunch and easy evening drinks — the kind of place that works almost any time of day.",Bistro,Exceptional,Czech Republic,Prague,"Prague 7, Prague",50.097,14.434,Coffee,Breakfast,outdoor,FALSE,,,"[""Coffee"",""Breakfast"",""Lunch""]",https://dgncazemkqsfxxmjdrbq.supabase.co/storage/v1/object/public/establishment-photos/seed/p7-osada/web-0.jpg,published,,2026-04-21 08:13:14.860503+00,2026-04-21 08:13:14.860503+00,"[""https://dgncazemkqsfxxmjdrbq.supabase.co/storage/v1/object/public/establishment-photos/seed/p7-osada/web-0.jpg"",""https://dgncazemkqsfxxmjdrbq.supabase.co/storage/v1/object/public/establishment-photos/seed/p7-osada/web-1.jpg"",""https://dgncazemkqsfxxmjdrbq.supabase.co/storage/v1/object/public/establishment-photos/seed/p7-osada/web-2.jpg""]",verified,p7-osada
bab60fb1-ff97-42d2-973a-8897ac3be662,Slice Slice Baby Pizza Club,"Prague’s top pizza after the team first built a cult following through slices and deliveries. Now a full Pizza Club in Holešovice with the city’s most unique and strongest options, our go to pick when only serious pizza will do.",Restaurant,Exceptional,Czech Republic,Prague,"Prague 7, Prague",50.097,14.434,Pizza,Dinner,outdoor,FALSE,,,"[""Pizza""]",https://dgncazemkqsfxxmjdrbq.supabase.co/storage/v1/object/public/establishment-photos/seed/p7-slice-slice-baby/web-0.png,published,,2026-04-21 08:13:16.818551+00,2026-04-21 08:13:16.818551+00,"[""https://dgncazemkqsfxxmjdrbq.supabase.co/storage/v1/object/public/establishment-photos/seed/p7-slice-slice-baby/web-0.png"",""https://dgncazemkqsfxxmjdrbq.supabase.co/storage/v1/object/public/establishment-photos/seed/p7-slice-slice-baby/web-1.png"",""https://dgncazemkqsfxxmjdrbq.supabase.co/storage/v1/object/public/establishment-photos/seed/p7-slice-slice-baby/web-2.jpg""]",verified,p7-slice-slice-baby
f759f017-d5cd-4a96-89be-914f6dcf8027,Sip Sip Hooray,"New bar from the Slice Slice crew bringing the same cool-factor into cocktails, natural wine and proper beer on tap. Stylish interior, lively crowd and a strong early pick when you want drinks somewhere that still feels a bit ahead of the curve.",Bar,New,Czech Republic,Prague,"Prague 7, Prague",50.097,14.434,Cocktails,Drinks,indoor,FALSE,,,"[""Beer"",""Bar"",""Wine"",""Cocktails""]",https://dgncazemkqsfxxmjdrbq.supabase.co/storage/v1/object/public/establishment-photos/seed/p7-sip-sip/web-0.jpg,published,,2026-04-21 08:13:17.501874+00,2026-04-21 08:13:17.501874+00,"[""https://dgncazemkqsfxxmjdrbq.supabase.co/storage/v1/object/public/establishment-photos/seed/p7-sip-sip/web-0.jpg"",""https://dgncazemkqsfxxmjdrbq.supabase.co/storage/v1/object/public/establishment-photos/seed/p7-sip-sip/web-1.jpg"",""https://dgncazemkqsfxxmjdrbq.supabase.co/storage/v1/object/public/establishment-photos/seed/p7-sip-sip/web-2.jpg""]",verified,p7-sip-sip
574e857e-89cc-4486-beb1-4e0ed721348b,Big Smokers,"Top choice BBQ respecting Czech local source food. Industrial setting, you can even count on Thanksgiving. From the team behind Mr. HotDog and Sandwhich Rodeo",Restaurant,Exceptional,Czech Republic,Prague,"Prague 7, Prague",50.097,14.434,BBQ,Dinner,outdoor,FALSE,,,"[""Dinner""]",https://dgncazemkqsfxxmjdrbq.supabase.co/storage/v1/object/public/establishment-photos/seed/p7-big-smokers/web-0.png,published,,2026-04-21 08:13:20.971747+00,2026-04-21 08:13:20.971747+00,"[""https://dgncazemkqsfxxmjdrbq.supabase.co/storage/v1/object/public/establishment-photos/seed/p7-big-smokers/web-0.png"",""https://dgncazemkqsfxxmjdrbq.supabase.co/storage/v1/object/public/establishment-photos/seed/p7-big-smokers/web-1.png"",""https://dgncazemkqsfxxmjdrbq.supabase.co/storage/v1/object/public/establishment-photos/seed/p7-big-smokers/web-2.png""]",verified,p7-big-smokers
d64d1c22-63f6-4a48-82e6-cb355af26767,Mexicka,"A big ambitious Mexican concept in Holešovice built around proper sharing plates, grilled meats, ceviches and a serious mezcal bar. More than burritos and tacos — come here when you want the full loud dinner experience with drinks to match.",Restaurant,Great,Czech Republic,Prague,"Prague 7, Prague",50.097,14.434,Mexican,Dinner,outdoor,FALSE,,,"[""Mexican""]",https://dgncazemkqsfxxmjdrbq.supabase.co/storage/v1/object/public/establishment-photos/seed/p7-mexicka/web-0.webp,published,,2026-04-21 08:13:21.303645+00,2026-04-21 08:13:21.303645+00,"[""https://dgncazemkqsfxxmjdrbq.supabase.co/storage/v1/object/public/establishment-photos/seed/p7-mexicka/web-0.webp"",""https://dgncazemkqsfxxmjdrbq.supabase.co/storage/v1/object/public/establishment-photos/seed/p7-mexicka/web-1.webp"",""https://dgncazemkqsfxxmjdrbq.supabase.co/storage/v1/object/public/establishment-photos/seed/p7-mexicka/web-2.webp""]",verified,p7-mexicka
fd778839-149a-481f-8a64-b1c175bfe08c,Supernova Bakehouse,"Original location of one of Prague’s most hyped modern bakeries doing laminated pastries, savour treats and polished presentation. Off the beaten track, but absolutely worth the detour if you take baked goods seriously.",Bakery,Exceptional,Czech Republic,Prague,"Prague 7, Prague",50.097,14.434,Pastries,Breakfast,indoor,FALSE,,,"[""Coffee"",""Breakfast"",""Bakery""]",https://dgncazemkqsfxxmjdrbq.supabase.co/storage/v1/object/public/establishment-photos/seed/p7-supernova-bakehouse/web-0.png,published,,2026-04-21 08:13:35.047585+00,2026-04-21 08:13:35.047585+00,"[""https://dgncazemkqsfxxmjdrbq.supabase.co/storage/v1/object/public/establishment-photos/seed/p7-supernova-bakehouse/web-0.png"",""https://dgncazemkqsfxxmjdrbq.supabase.co/storage/v1/object/public/establishment-photos/seed/p7-supernova-bakehouse/web-1.jpg"",""https://dgncazemkqsfxxmjdrbq.supabase.co/storage/v1/object/public/establishment-photos/seed/p7-supernova-bakehouse/web-2.jpg""]",verified,p7-supernova-bakehouse
0b2c562e-76e0-4efb-ac1b-81e060328b46,The Miners Coffee Komunardů,"Newest arrival from Prague’s now nearly unavoidable Miners specialty coffee chain, taking over what used to be a wine bar. The neighborhood hardly needed another polished coffee shop, but the drinks are good, the younger crowd comes, and it remains an easy modern default.",Coffee Shop,Good,Czech Republic,Prague,"Prague 7, Prague",50.097,14.434,Coffee,Breakfast,outdoor,FALSE,,,"[""Coffee"",""Breakfast""]",https://dgncazemkqsfxxmjdrbq.supabase.co/storage/v1/object/public/establishment-photos/seed/p7-miners-komunardu/web-0.jpg,published,,2026-04-21 08:13:56.628794+00,2026-04-21 08:13:56.628794+00,"[""https://dgncazemkqsfxxmjdrbq.supabase.co/storage/v1/object/public/establishment-photos/seed/p7-miners-komunardu/web-0.jpg"",""https://dgncazemkqsfxxmjdrbq.supabase.co/storage/v1/object/public/establishment-photos/seed/p7-miners-komunardu/web-1.jpg"",""https://dgncazemkqsfxxmjdrbq.supabase.co/storage/v1/object/public/establishment-photos/seed/p7-miners-komunardu/web-2.jpg""]",verified,p7-miners-komunardu
c50db01d-a007-425c-bdbc-a560beaa633a,Pekárna Skýva,"Part of the Vnitroblok family, this is one of the friendliest early-morning bakery stops in Holešovice. Expect excellent bread, homemade ice cream and genuinely warm service that makes it an easy local favorite for breakfast or coffee runs.",Bakery,Great,Czech Republic,Prague,"Prague 7, Prague",50.097,14.434,Pastries,Breakfast,indoor,FALSE,,,"[""Coffee"",""Breakfast"",""Bakery""]",https://dgncazemkqsfxxmjdrbq.supabase.co/storage/v1/object/public/establishment-photos/seed/p7-skyva/web-0.jpg,published,,2026-04-21 08:13:22.30836+00,2026-04-21 08:13:22.30836+00,"[""https://dgncazemkqsfxxmjdrbq.supabase.co/storage/v1/object/public/establishment-photos/seed/p7-skyva/web-0.jpg"",""https://dgncazemkqsfxxmjdrbq.supabase.co/storage/v1/object/public/establishment-photos/seed/p7-skyva/web-1.jpg"",""https://dgncazemkqsfxxmjdrbq.supabase.co/storage/v1/object/public/establishment-photos/seed/p7-skyva/web-2.jpg""]",verified,p7-skyva
ea70f5a5-37dd-441c-89c4-b892804315df,La Forme Holesovice,"Follow-up to the Prague 6 bakery and spiritual successor to the much-loved Barry Higgel breakfast standard. You still come for one of Prague’s better breakfast setups, quality bread and pastries — just not always the fully stocked pastry paradise you may hope for first thing in the morning.",Coffee Shop,Good,Czech Republic,Prague,"Prague 7, Prague",50.097,14.434,Pastries,Breakfast,outdoor,FALSE,,,"[""Coffee"",""Breakfast""]",https://dgncazemkqsfxxmjdrbq.supabase.co/storage/v1/object/public/establishment-photos/seed/p7-la-forme-holesovice/web-0.jpg,published,,2026-04-21 08:13:23.03733+00,2026-04-21 08:13:23.03733+00,"[""https://dgncazemkqsfxxmjdrbq.supabase.co/storage/v1/object/public/establishment-photos/seed/p7-la-forme-holesovice/web-0.jpg"",""https://dgncazemkqsfxxmjdrbq.supabase.co/storage/v1/object/public/establishment-photos/seed/p7-la-forme-holesovice/web-1.jpg"",""https://dgncazemkqsfxxmjdrbq.supabase.co/storage/v1/object/public/establishment-photos/seed/p7-la-forme-holesovice/web-2.jpg""]",verified,p7-la-forme-holesovice
6c496a92-4ecb-4685-89aa-29c0bd4bcf3b,SaSaZu,"One of Prague’s long-standing high-end Asian dining institutions set inside a dramatic industrial hall. Sleek date-night atmosphere, consistently refined food and cocktails, smaller portions and a bill that reminds you this is a full evening out rather than a casual dinner.",Restaurant,Great,Czech Republic,Prague,"Prague 7, Prague",50.097,14.434,Asian Fusion,Dinner,indoor,FALSE,,,"[""Asian""]",https://dgncazemkqsfxxmjdrbq.supabase.co/storage/v1/object/public/establishment-photos/seed/p7-sasazu/web-0.webp,published,,2026-04-21 08:13:39.383266+00,2026-04-21 08:13:39.383266+00,"[""https://dgncazemkqsfxxmjdrbq.supabase.co/storage/v1/object/public/establishment-photos/seed/p7-sasazu/web-0.webp"",""https://dgncazemkqsfxxmjdrbq.supabase.co/storage/v1/object/public/establishment-photos/seed/p7-sasazu/web-1.webp"",""https://dgncazemkqsfxxmjdrbq.supabase.co/storage/v1/object/public/establishment-photos/seed/p7-sasazu/web-2.webp""]",verified,p7-sasazu
00a3818d-5d11-4e91-bf10-ef9c52a4fa08,Kafe na zastávce,"Need an early coffee without making a detour? This tiny tram-stop window does the job exactly as it should. Nothing fancy, just a perfectly solid caffeine rescue right where you need it in the morning.",Espresso Bar,Good,Czech Republic,Prague,"Prague 7, Prague",50.097,14.434,Coffee,Coffee,indoor,FALSE,,,"[""Coffee""]",https://dgncazemkqsfxxmjdrbq.supabase.co/storage/v1/object/public/establishment-photos/seed/p7-kafe-na-zastavce/web-0.jpg,published,,2026-04-21 08:13:57.364836+00,2026-04-21 08:13:57.364836+00,"[""https://dgncazemkqsfxxmjdrbq.supabase.co/storage/v1/object/public/establishment-photos/seed/p7-kafe-na-zastavce/web-0.jpg"",""https://dgncazemkqsfxxmjdrbq.supabase.co/storage/v1/object/public/establishment-photos/seed/p7-kafe-na-zastavce/web-1.png"",""https://dgncazemkqsfxxmjdrbq.supabase.co/storage/v1/object/public/establishment-photos/seed/p7-kafe-na-zastavce/web-2.png""]",verified,p7-kafe-na-zastavce
404941df-716e-424e-8d69-bb92ca2f44a6,PRU58,"Upscale Asian fusion from the restaurant group behind Café Buddha and Benjamin, bringing polished business-lunch and date-night dining into Holešovice. The menu is still strong and the setting still sleek, even if some of the early wow-factor has softened over time.",Restaurant,Good,Czech Republic,Prague,"Prague 7, Prague",50.097,14.434,Asian Fusion,Dinner,outdoor,FALSE,,,"[""Asian""]",https://dgncazemkqsfxxmjdrbq.supabase.co/storage/v1/object/public/establishment-photos/seed/p7-pru58/ai-0.png,published,,2026-04-21 08:14:01.472163+00,2026-04-21 08:14:01.472163+00,"[""https://dgncazemkqsfxxmjdrbq.supabase.co/storage/v1/object/public/establishment-photos/seed/p7-pru58/ai-0.png"",""https://dgncazemkqsfxxmjdrbq.supabase.co/storage/v1/object/public/establishment-photos/seed/p7-pru58/ai-1.png"",""https://dgncazemkqsfxxmjdrbq.supabase.co/storage/v1/object/public/establishment-photos/seed/p7-pru58/ai-2.png""]",verified,p7-pru58
c281d961-435f-45c6-a91f-d607f3b4418d,EMA espresso bar,"Newest branch of the EMA name that helped build Prague’s third wave coffee culture from the ground up. Expect the same serious coffee, polished pastries, quality bread and cozy modern atmosphere that made the original EMA and Alf & Bet staples for coffee people.",Coffee Shop,Good,Czech Republic,Prague,"Prague 8 - Karlin, Prague",50.097,14.434,Coffee,Breakfast,indoor,FALSE,,,"[""Coffee"",""Bakery""]",https://dgncazemkqsfxxmjdrbq.supabase.co/storage/v1/object/public/establishment-photos/seed/p7-ema-espresso-bar/web-0.jpg,published,,2026-04-21 08:13:38.181077+00,2026-04-21 08:16:21.901256+00,"[""https://dgncazemkqsfxxmjdrbq.supabase.co/storage/v1/object/public/establishment-photos/seed/p7-ema-espresso-bar/web-0.jpg"",""https://dgncazemkqsfxxmjdrbq.supabase.co/storage/v1/object/public/establishment-photos/seed/p7-ema-espresso-bar/web-1.jpg"",""https://dgncazemkqsfxxmjdrbq.supabase.co/storage/v1/object/public/establishment-photos/seed/p7-ema-espresso-bar/web-2.jpg""]",verified,p7-ema-espresso-bar
ad96a2dd-f622-4455-8005-e4969fadecdf,Vnitroblok,"A legendary industrial hangout for Prague’s younger creative crowd mixing café, food, drinks and flexible event space under one roof. Come for a relaxed afternoon or evening and do not be surprised if dancing, workshops or some art gathering is happening around you.",Bistro,Great,Czech Republic,Prague,"Prague 7, Prague",50.097,14.434,Modern European,Lunch,outdoor,FALSE,,,"[""Coffee"",""Breakfast"",""Beer"",""Lunch"",""Dinner"",""Bar"",""Wine"",""Cocktails""]",https://dgncazemkqsfxxmjdrbq.supabase.co/storage/v1/object/public/establishment-photos/seed/p7-vnitroblok/web-0.png,published,,2026-04-21 08:13:27.724953+00,2026-04-21 08:13:27.724953+00,"[""https://dgncazemkqsfxxmjdrbq.supabase.co/storage/v1/object/public/establishment-photos/seed/p7-vnitroblok/web-0.png"",""https://dgncazemkqsfxxmjdrbq.supabase.co/storage/v1/object/public/establishment-photos/seed/p7-vnitroblok/web-1.png"",""https://dgncazemkqsfxxmjdrbq.supabase.co/storage/v1/object/public/establishment-photos/seed/p7-vnitroblok/web-2.jpg""]",verified,p7-vnitroblok
0d316fdf-8822-4686-b21a-b9443b7ee54e,Home Kitchen,"Last proper survivor of the once-beloved Home Kitchen group that used to define cozy casual dining in Prague before Covid hit the chain hard. This Holešovice outpost still keeps much of the original warmth, reliable food quality and easy neighborhood charm that made the concept a local favorite.",Bistro,Great,Czech Republic,Prague,"Prague 7, Prague",50.097,14.434,Modern European,Lunch,outdoor,FALSE,,,"[""Coffee"",""Breakfast"",""Lunch"",""Dinner""]",https://dgncazemkqsfxxmjdrbq.supabase.co/storage/v1/object/public/establishment-photos/seed/p7-home-kitchen/web-0.jpg,published,,2026-04-21 08:13:39.801216+00,2026-04-21 08:13:39.801216+00,"[""https://dgncazemkqsfxxmjdrbq.supabase.co/storage/v1/object/public/establishment-photos/seed/p7-home-kitchen/web-0.jpg"",""https://dgncazemkqsfxxmjdrbq.supabase.co/storage/v1/object/public/establishment-photos/seed/p7-home-kitchen/web-1.jpg"",""https://dgncazemkqsfxxmjdrbq.supabase.co/storage/v1/object/public/establishment-photos/seed/p7-home-kitchen/web-2.jpg""]",verified,p7-home-kitchen
8f822436-038f-4103-b4b9-dbb0fbb24171,The Winery,"The sommelier from high end cutting edge Czech restaurant the Eatery has set up this wine spot. Excoect excellent wine, top tier sommelier and great meats and cheese to go with. When in season you can also enjoy oysters.",Wine Bar,Exceptional,Czech Republic,Prague,"Prague 7, Prague",50.097,14.434,Wine,Drinks,indoor,FALSE,,,"[""Wine""]",https://dgncazemkqsfxxmjdrbq.supabase.co/storage/v1/object/public/establishment-photos/seed/p7-the-winery/web-0.jpg,published,,2026-04-21 08:13:27.757769+00,2026-04-21 08:13:27.757769+00,"[""https://dgncazemkqsfxxmjdrbq.supabase.co/storage/v1/object/public/establishment-photos/seed/p7-the-winery/web-0.jpg"",""https://dgncazemkqsfxxmjdrbq.supabase.co/storage/v1/object/public/establishment-photos/seed/p7-the-winery/web-1.jpg"",""https://dgncazemkqsfxxmjdrbq.supabase.co/storage/v1/object/public/establishment-photos/seed/p7-the-winery/web-2.jpg""]",verified,p7-the-winery
44a89f8c-0b25-406d-972e-cea063980264,Naše Toustárna,"Original Prague sandwich favorite now relocated from its rougher industrial roots into a more polished new building nearby. Some old charm disappeared with the move, but it remains a dependable area stop for very solid sandwiches when the opening hours cooperate.",Bakery,Good,Czech Republic,Prague,"Prague 7, Prague",50.097,14.434,Bread,Breakfast,indoor,FALSE,,,"[""Coffee"",""Lunch""]",https://dgncazemkqsfxxmjdrbq.supabase.co/storage/v1/object/public/establishment-photos/seed/p7-toustarna/web-0.jpg,published,,2026-04-21 08:13:44.959047+00,2026-04-21 08:13:44.959047+00,"[""https://dgncazemkqsfxxmjdrbq.supabase.co/storage/v1/object/public/establishment-photos/seed/p7-toustarna/web-0.jpg"",""https://dgncazemkqsfxxmjdrbq.supabase.co/storage/v1/object/public/establishment-photos/seed/p7-toustarna/web-1.jpg"",""https://dgncazemkqsfxxmjdrbq.supabase.co/storage/v1/object/public/establishment-photos/seed/p7-toustarna/web-2.jpg""]",verified,p7-toustarna
6d5456b0-c858-4c6d-8dab-7bc2f0232d02,Čtyřka,Another part of Phil’s local chain. This is a classic Czech pub but you can count on quality of food and drink to go with the local and loud atmosphere. Always good beer in tap and classic Czech meals.,Pub,Good,Czech Republic,Prague,"Prague 7, Prague",50.097,14.434,Beer,Dinner,indoor,FALSE,,,"[""Beer"",""Czech""]",https://dgncazemkqsfxxmjdrbq.supabase.co/storage/v1/object/public/establishment-photos/seed/p7-ctyrka/web-0.png,published,,2026-04-21 08:13:27.764407+00,2026-04-21 08:13:27.764407+00,"[""https://dgncazemkqsfxxmjdrbq.supabase.co/storage/v1/object/public/establishment-photos/seed/p7-ctyrka/web-0.png"",""https://dgncazemkqsfxxmjdrbq.supabase.co/storage/v1/object/public/establishment-photos/seed/p7-ctyrka/web-1.png"",""https://dgncazemkqsfxxmjdrbq.supabase.co/storage/v1/object/public/establishment-photos/seed/p7-ctyrka/web-2.webp""]",verified,p7-ctyrka
cb1ca44f-545a-4957-adca-8485f730b6e9,Coffee Room - Holešovice,"Newest location of one of Prague’s original specialty coffee pioneers bringing the same trusted coffee quality into Holešovice. A good everyday caffeine stop, though the takeaway-leaning food offer and cleaner modern space make it slightly less charming than older branches.",Coffee Shop,Good,Czech Republic,Prague,"Prague 7, Prague",50.097,14.434,Coffee,Coffee,indoor,FALSE,,,"[""Coffee""]",https://dgncazemkqsfxxmjdrbq.supabase.co/storage/v1/object/public/establishment-photos/seed/p7-coffee-room-holesovice/web-0.jpg,published,,2026-04-21 08:13:45.04999+00,2026-04-21 08:13:45.04999+00,"[""https://dgncazemkqsfxxmjdrbq.supabase.co/storage/v1/object/public/establishment-photos/seed/p7-coffee-room-holesovice/web-0.jpg"",""https://dgncazemkqsfxxmjdrbq.supabase.co/storage/v1/object/public/establishment-photos/seed/p7-coffee-room-holesovice/web-1.jpg"",""https://dgncazemkqsfxxmjdrbq.supabase.co/storage/v1/object/public/establishment-photos/seed/p7-coffee-room-holesovice/web-2.jpg""]",verified,p7-coffee-room-holesovice
4decd422-640e-4be3-a69f-cf9b903e4f7e,Phill’s Corner,"Sister concept to the highly regarded Phill’s Twenty7 with a busier all-day neighborhood feel but much of the same trusted food DNA. Come for strong breakfast and lunch plates, quality baked goods and a dependable café-bistro stop that rarely disappoints.",Bistro,Good,Czech Republic,Prague,"Prague 7, Prague",50.097,14.434,Modern European,Lunch,outdoor,FALSE,,,"[""Coffee"",""Breakfast"",""Beer"",""Lunch"",""Dinner"",""Wine""]",https://dgncazemkqsfxxmjdrbq.supabase.co/storage/v1/object/public/establishment-photos/seed/p7-phils-corner/web-0.jpg,published,,2026-04-21 08:13:27.968982+00,2026-04-21 08:13:27.968982+00,"[""https://dgncazemkqsfxxmjdrbq.supabase.co/storage/v1/object/public/establishment-photos/seed/p7-phils-corner/web-0.jpg"",""https://dgncazemkqsfxxmjdrbq.supabase.co/storage/v1/object/public/establishment-photos/seed/p7-phils-corner/web-1.jpg"",""https://dgncazemkqsfxxmjdrbq.supabase.co/storage/v1/object/public/establishment-photos/seed/p7-phils-corner/web-2.jpg""]",verified,p7-phils-corner
0ac71979-0313-4256-a4ad-f3fafbd45501,TVEE Coffee,"Cozy owner-run coffee shop with a more personal neighborhood feel than most of Prague’s polished chain cafés. Popular with locals on office breaks, easy for a slower sit-down, and exactly the kind of welcoming spot that quickly builds regulars.",Coffee Shop,Good,Czech Republic,Prague,"Prague 7, Prague",50.097,14.434,Coffee,Coffee,indoor,FALSE,,,"[""Coffee""]",https://dgncazemkqsfxxmjdrbq.supabase.co/storage/v1/object/public/establishment-photos/seed/p7-tvee-coffee/web-0.jpg,published,,2026-04-21 08:13:46.540034+00,2026-04-21 08:13:46.540034+00,"[""https://dgncazemkqsfxxmjdrbq.supabase.co/storage/v1/object/public/establishment-photos/seed/p7-tvee-coffee/web-0.jpg"",""https://dgncazemkqsfxxmjdrbq.supabase.co/storage/v1/object/public/establishment-photos/seed/p7-tvee-coffee/web-1.jpg"",""https://dgncazemkqsfxxmjdrbq.supabase.co/storage/v1/object/public/establishment-photos/seed/p7-tvee-coffee/web-2.jpg""]",verified,p7-tvee-coffee
7afb8f45-5450-48fa-a1f1-c83f2b550eba,Polepšovna,"Though still relatively new, Polepšovna has quickly become one of Holešovice’s best after-work beer addresses. Wide Volt beer selection on tap, a kitchen worth arriving hungry for, and enough atmosphere to justify Prague-above-average beer prices when you bring friends.",Pivnice,Great,Czech Republic,Prague,"Prague 7, Prague",50.097,14.434,Beer,Drinks,indoor,FALSE,,,"[""Beer"",""Lunch"",""Dinner"",""Bar""]",https://dgncazemkqsfxxmjdrbq.supabase.co/storage/v1/object/public/establishment-photos/seed/p7-polepsovna/web-0.jpg,published,,2026-04-21 08:13:28.771524+00,2026-04-21 08:13:28.771524+00,"[""https://dgncazemkqsfxxmjdrbq.supabase.co/storage/v1/object/public/establishment-photos/seed/p7-polepsovna/web-0.jpg"",""https://dgncazemkqsfxxmjdrbq.supabase.co/storage/v1/object/public/establishment-photos/seed/p7-polepsovna/web-1.jpg"",""https://dgncazemkqsfxxmjdrbq.supabase.co/storage/v1/object/public/establishment-photos/seed/p7-polepsovna/web-2.jpg""]",verified,p7-polepsovna
4a4efba8-83de-4654-8831-287653b445e4,Svááča,"Perfect little morning stop when you need a quick Czech snack done properly before work or tram. Open-faced egg breads, filled croissants and other local bakery staples, plus a few small seats out back if you have an extra minute.",Cafe,Good,Czech Republic,Prague,"Prague 7, Prague",50.097,14.434,Quick bites,Breakfast,indoor,FALSE,,,"[""Coffee"",""Breakfast""]",https://dgncazemkqsfxxmjdrbq.supabase.co/storage/v1/object/public/establishment-photos/seed/p7-svaaca/web-0.webp,published,,2026-04-21 08:13:50.139541+00,2026-04-21 08:13:50.139541+00,"[""https://dgncazemkqsfxxmjdrbq.supabase.co/storage/v1/object/public/establishment-photos/seed/p7-svaaca/web-0.webp"",""https://dgncazemkqsfxxmjdrbq.supabase.co/storage/v1/object/public/establishment-photos/seed/p7-svaaca/web-1.webp"",""https://dgncazemkqsfxxmjdrbq.supabase.co/storage/v1/object/public/establishment-photos/seed/p7-svaaca/web-2.webp""]",verified,p7-svaaca
21964260-8ef9-4546-93bb-31f1016597a2,The Eatery,"One of Prague’s top modern Czech restaurants pushing local ingredients and classic flavors into true fine dining territory. Open kitchen, serious chef pedigree and Michelin-level respect make this a destination dinner when you want to see how far Czech cuisine can go.",Restaurant,Great,Czech Republic,Prague,"Prague 7, Prague",50.097,14.434,Fine Dining,Dinner,indoor,FALSE,,,"[""Czech"",""Lunch"",""Dinner""]",https://dgncazemkqsfxxmjdrbq.supabase.co/storage/v1/object/public/establishment-photos/seed/p7-the-eatery/web-0.jpg,published,,2026-04-21 08:13:33.701813+00,2026-04-21 08:13:33.701813+00,"[""https://dgncazemkqsfxxmjdrbq.supabase.co/storage/v1/object/public/establishment-photos/seed/p7-the-eatery/web-0.jpg"",""https://dgncazemkqsfxxmjdrbq.supabase.co/storage/v1/object/public/establishment-photos/seed/p7-the-eatery/web-1.jpg"",""https://dgncazemkqsfxxmjdrbq.supabase.co/storage/v1/object/public/establishment-photos/seed/p7-the-eatery/web-2.jpg""]",verified,p7-the-eatery
c840e4aa-11e7-4baa-9313-b20d330fd4c0,Knihkopec,"Part grungy bookstore, part neighborhood beer garden, and entirely one of Holešovice’s more lovable oddities. Come for a local beer, kind people and an unpolished community atmosphere that feels far more genuine than Prague’s designed café concepts.",Beer Garden,Good,Czech Republic,Prague,"Prague 7, Prague",50.097,14.434,Beer,Drinks,outdoor,FALSE,,,"[""Beer"",""Beer Garden""]",https://dgncazemkqsfxxmjdrbq.supabase.co/storage/v1/object/public/establishment-photos/seed/p7-knihkopec/web-0.jpg,published,,2026-04-21 08:13:51.465115+00,2026-04-21 08:13:51.465115+00,"[""https://dgncazemkqsfxxmjdrbq.supabase.co/storage/v1/object/public/establishment-photos/seed/p7-knihkopec/web-0.jpg"",""https://dgncazemkqsfxxmjdrbq.supabase.co/storage/v1/object/public/establishment-photos/seed/p7-knihkopec/web-1.jpg"",""https://dgncazemkqsfxxmjdrbq.supabase.co/storage/v1/object/public/establishment-photos/seed/p7-knihkopec/web-2.jpg""]",verified,p7-knihkopec
c4a87e5b-0a02-4952-931e-29bf235e6392,Pivovar Kolkovna,"Part of the classic Czech Kolkovna pub family, but this location adds its own microbrewery for exceptionally fresh beer on tap. No-fuss Czech meals, plenty of (outdoor) seating and an easy rewarding stop before or after a walk through Stromovka.",Brewery,Good,Czech Republic,Prague,"Prague 7, Prague",50.097,14.434,Beer,Lunch,outdoor,FALSE,,,"[""Beer"",""Czech""]",https://dgncazemkqsfxxmjdrbq.supabase.co/storage/v1/object/public/establishment-photos/seed/p7-pivovar-kolkovna/web-0.jpg,published,,2026-04-21 08:13:33.779379+00,2026-04-21 08:13:33.779379+00,"[""https://dgncazemkqsfxxmjdrbq.supabase.co/storage/v1/object/public/establishment-photos/seed/p7-pivovar-kolkovna/web-0.jpg"",""https://dgncazemkqsfxxmjdrbq.supabase.co/storage/v1/object/public/establishment-photos/seed/p7-pivovar-kolkovna/web-1.jpg"",""https://dgncazemkqsfxxmjdrbq.supabase.co/storage/v1/object/public/establishment-photos/seed/p7-pivovar-kolkovna/web-2.png""]",verified,p7-pivovar-kolkovna
b59b2406-8e91-496f-b657-93a773b74b08,Kontejner,"Born during Prague’s container café wave but now a fully established Holešovice staple in its own right. Two floors, relaxed seating, good coffee, easy drinks and light food make this one of those flexible neighborhood fallback spots at almost any hour.",Coffee Shop,Good,Czech Republic,Prague,"Prague 7, Prague",50.097,14.434,Coffee,Breakfast,outdoor,FALSE,,,"[""Coffee"",""Breakfast""]",https://dgncazemkqsfxxmjdrbq.supabase.co/storage/v1/object/public/establishment-photos/seed/p7-kontejner/web-0.jpg,published,,2026-04-21 08:13:56.332473+00,2026-04-21 08:13:56.332473+00,"[""https://dgncazemkqsfxxmjdrbq.supabase.co/storage/v1/object/public/establishment-photos/seed/p7-kontejner/web-0.jpg"",""https://dgncazemkqsfxxmjdrbq.supabase.co/storage/v1/object/public/establishment-photos/seed/p7-kontejner/web-1.webp"",""https://dgncazemkqsfxxmjdrbq.supabase.co/storage/v1/object/public/establishment-photos/seed/p7-kontejner/web-2.png""]",verified,p7-kontejner
f85f6ee4-e942-46e9-8431-27d08cbe2015,FATFUCK - Smash Burgers,"One of Prague’s very best burger stops operating as delivery and takeaway only, hidden in a slightly bizarre back alley setup. No seats, no comfort, just a burger worth making the little journey for when cravings hit properly. If you need to sit you can find a sit-down option in Prague 6.",Takeaway,Exceptional,Czech Republic,Prague,"Prague 7, Prague",50.097,14.434,Burgers,Dinner,counter,FALSE,,,"[""Fast food""]",https://dgncazemkqsfxxmjdrbq.supabase.co/storage/v1/object/public/establishment-photos/seed/p7-fatfuck-smash-burgers/ai-0.png,published,,2026-04-21 08:14:11.482275+00,2026-04-21 08:14:11.482275+00,"[""https://dgncazemkqsfxxmjdrbq.supabase.co/storage/v1/object/public/establishment-photos/seed/p7-fatfuck-smash-burgers/ai-0.png"",""https://dgncazemkqsfxxmjdrbq.supabase.co/storage/v1/object/public/establishment-photos/seed/p7-fatfuck-smash-burgers/ai-1.png"",""https://dgncazemkqsfxxmjdrbq.supabase.co/storage/v1/object/public/establishment-photos/seed/p7-fatfuck-smash-burgers/ai-2.png""]",verified,p7-fatfuck-smash-burgers
f20291a9-0412-4c6e-9f66-0fe791ff2912,Crêperie U Slepé kočičky,"Long-running local institution dedicated almost entirely to sweet and savory crêpes in every imaginable variation. Cozy, slightly old-school and exactly the kind of comforting simple concept that has kept Prague people coming back for years.",Cafe,Good,Czech Republic,Prague,"Prague 7, Prague",50.097,14.434,Crepes,Lunch,indoor,FALSE,,,"[""Breakfast"",""Lunch""]",https://dgncazemkqsfxxmjdrbq.supabase.co/storage/v1/object/public/establishment-photos/seed/p7-u-slepe-kocicky/web-0.png,published,,2026-04-21 08:14:17.088897+00,2026-04-21 08:14:17.088897+00,"[""https://dgncazemkqsfxxmjdrbq.supabase.co/storage/v1/object/public/establishment-photos/seed/p7-u-slepe-kocicky/web-0.png"",""https://dgncazemkqsfxxmjdrbq.supabase.co/storage/v1/object/public/establishment-photos/seed/p7-u-slepe-kocicky/web-1.jpg"",""https://dgncazemkqsfxxmjdrbq.supabase.co/storage/v1/object/public/establishment-photos/seed/p7-u-slepe-kocicky/web-2.png""]",verified,p7-u-slepe-kocicky
64bde81e-fde8-474a-b896-e7dee354d9af,Letna beer garden,"You do not come here for gourmet food or Prague’s best beer, but that has never been the point. This is one of the city’s essential summer drinking rituals, pairing giant communal tables with some of the most unbeatable sunset views in Prague.",Beer Garden,Good,Czech Republic,Prague,"Prague 7, Prague",50.097,14.434,Beer,Drinks,outdoor,FALSE,,,"[""Beer""]",https://dgncazemkqsfxxmjdrbq.supabase.co/storage/v1/object/public/establishment-photos/seed/p7-letna-beer-garden/web-0.jpg,published,,2026-04-21 08:14:17.549346+00,2026-04-21 08:14:17.549346+00,"[""https://dgncazemkqsfxxmjdrbq.supabase.co/storage/v1/object/public/establishment-photos/seed/p7-letna-beer-garden/web-0.jpg"",""https://dgncazemkqsfxxmjdrbq.supabase.co/storage/v1/object/public/establishment-photos/seed/p7-letna-beer-garden/ai-0.png"",""https://dgncazemkqsfxxmjdrbq.supabase.co/storage/v1/object/public/establishment-photos/seed/p7-letna-beer-garden/ai-1.png""]",verified,p7-letna-beer-garden
aa6d2978-5d45-4d9a-a0ef-f9cc499b4b06,Mr. Hot Dog,"Local classic that kicked off the American comfort food mini-empire later expanded by Sandwich Rodeo and Big Smokers. Small, busy and reliably satisfying, with sliders and hot dogs that became Prague staples long before everyone started doing smash burgers.",Restaurant,Exceptional,Czech Republic,Prague,"Prague 7, Prague",50.097,14.434,Hot Dogs,Dinner,outdoor,FALSE,,,"[""Fast food""]",https://dgncazemkqsfxxmjdrbq.supabase.co/storage/v1/object/public/establishment-photos/seed/p7-mr-hot-dog/web-0.jpg,published,,2026-04-21 08:14:18.097151+00,2026-04-21 08:14:18.097151+00,"[""https://dgncazemkqsfxxmjdrbq.supabase.co/storage/v1/object/public/establishment-photos/seed/p7-mr-hot-dog/web-0.jpg"",""https://dgncazemkqsfxxmjdrbq.supabase.co/storage/v1/object/public/establishment-photos/seed/p7-mr-hot-dog/ai-0.png"",""https://dgncazemkqsfxxmjdrbq.supabase.co/storage/v1/object/public/establishment-photos/seed/p7-mr-hot-dog/ai-1.png""]",verified,p7-mr-hot-dog
d12ad4a3-306d-44e3-aba7-d89aba19925b,Cafe Letka,"One of Letná’s original hip café pioneers and still one of the area’s best places to slow down for breakfast, coffee or a proper catch-up over a drink. Good food, quality coffee and a house rule that gently favors conversation over laptop hiding.",Cafe,Great,Czech Republic,Prague,"Prague 7, Prague",50.097,14.434,Coffee,Breakfast,indoor,FALSE,,,"[""Coffee"",""Breakfast"",""Cocktails""]",https://dgncazemkqsfxxmjdrbq.supabase.co/storage/v1/object/public/establishment-photos/seed/p7-cafe-letka/web-0.jpg,published,,2026-04-21 08:14:23.061169+00,2026-04-21 08:14:23.061169+00,"[""https://dgncazemkqsfxxmjdrbq.supabase.co/storage/v1/object/public/establishment-photos/seed/p7-cafe-letka/web-0.jpg"",""https://dgncazemkqsfxxmjdrbq.supabase.co/storage/v1/object/public/establishment-photos/seed/p7-cafe-letka/web-1.png"",""https://dgncazemkqsfxxmjdrbq.supabase.co/storage/v1/object/public/establishment-photos/seed/p7-cafe-letka/web-2.jpg""]",verified,p7-cafe-letka
7086dccc-72ce-414e-8de8-32895dca14c3,Peperincino,"Long-standing neighborhood Italian that stays popular for a reason: reliable pasta, pizza, family-friendly atmosphere and a pleasant hidden garden in the inner block. An easy comfortable choice when you want solid Italian without turning dinner into an event.",Restaurant,Good,Czech Republic,Prague,"Prague 7, Prague",50.097,14.434,Pasta,Dinner,outdoor,FALSE,,,"[""Lunch"",""Dinner""]",https://dgncazemkqsfxxmjdrbq.supabase.co/storage/v1/object/public/establishment-photos/seed/p7-peperincino/web-0.png,published,,2026-04-21 08:14:23.943551+00,2026-04-21 08:14:23.943551+00,"[""https://dgncazemkqsfxxmjdrbq.supabase.co/storage/v1/object/public/establishment-photos/seed/p7-peperincino/web-0.png"",""https://dgncazemkqsfxxmjdrbq.supabase.co/storage/v1/object/public/establishment-photos/seed/p7-peperincino/web-1.png"",""https://dgncazemkqsfxxmjdrbq.supabase.co/storage/v1/object/public/establishment-photos/seed/p7-peperincino/web-2.png""]",verified,p7-peperincino
0b38da0b-026b-43d0-b4ea-cc428034ed3f,Amato Gelateria,"One of Prague’s original truly excellent gelato names and still a neighborhood favorite that rarely disappoints. Classic flavors, reliable quality — an easy place to get very good ice cream when nearby.",Ice Cream Shop,Good,Czech Republic,Prague,"Prague 7, Prague",50.097,14.434,Ice Cream,Dessert,outdoor,FALSE,,,"[""Ice cream""]",https://dgncazemkqsfxxmjdrbq.supabase.co/storage/v1/object/public/establishment-photos/seed/p7-amato-gelateria/web-0.jpg,published,,2026-04-21 08:14:23.948939+00,2026-04-21 08:14:23.948939+00,"[""https://dgncazemkqsfxxmjdrbq.supabase.co/storage/v1/object/public/establishment-photos/seed/p7-amato-gelateria/web-0.jpg"",""https://dgncazemkqsfxxmjdrbq.supabase.co/storage/v1/object/public/establishment-photos/seed/p7-amato-gelateria/web-1.jpg"",""https://dgncazemkqsfxxmjdrbq.supabase.co/storage/v1/object/public/establishment-photos/seed/p7-amato-gelateria/web-2.png""]",verified,p7-amato-gelateria
26a8d092-0af6-440a-89a7-5b724a30dcec,Burgerman,"Small burger joint quietly earning some of Prague’s strongest word-of-mouth for specialty burgers done properly. Excellent meat, serious combinations and even gluten-free options make this a destination worth noting.",Restaurant,New,Czech Republic,Prague,"Prague 7, Prague",50.097,14.434,Burgers,Dinner,indoor,FALSE,,,"[""Fast food""]",https://dgncazemkqsfxxmjdrbq.supabase.co/storage/v1/object/public/establishment-photos/seed/p7-burgerman/web-0.jpg,published,,2026-04-21 08:14:29.456035+00,2026-04-21 08:14:29.456035+00,"[""https://dgncazemkqsfxxmjdrbq.supabase.co/storage/v1/object/public/establishment-photos/seed/p7-burgerman/web-0.jpg"",""https://dgncazemkqsfxxmjdrbq.supabase.co/storage/v1/object/public/establishment-photos/seed/p7-burgerman/web-1.jpg"",""https://dgncazemkqsfxxmjdrbq.supabase.co/storage/v1/object/public/establishment-photos/seed/p7-burgerman/web-2.jpg""]",verified,p7-burgerman
5ec6b7b6-40d1-4fa7-bca5-e371e74ba296,Ristorantino da Matteo,"One of Prague’s benchmark Italian addresses run by Roman native Matteo and beloved by locals who take Italian food seriously. Cash only, intimate, expensive and absolutely worth it for top-tier pasta, wine and one of the city’s most special date or family dinners.",Restaurant,Exceptional,Czech Republic,Prague,"Prague 7, Prague",50.097,14.434,Pasta,Dinner,indoor,FALSE,,,"[""Lunch"",""Dinner"",""Italian""]",https://dgncazemkqsfxxmjdrbq.supabase.co/storage/v1/object/public/establishment-photos/seed/p7-ristorantino-da-matteo/web-0.jpg,published,,2026-04-21 08:14:30.614106+00,2026-04-21 08:14:30.614106+00,"[""https://dgncazemkqsfxxmjdrbq.supabase.co/storage/v1/object/public/establishment-photos/seed/p7-ristorantino-da-matteo/web-0.jpg"",""https://dgncazemkqsfxxmjdrbq.supabase.co/storage/v1/object/public/establishment-photos/seed/p7-ristorantino-da-matteo/web-1.jpg"",""https://dgncazemkqsfxxmjdrbq.supabase.co/storage/v1/object/public/establishment-photos/seed/p7-ristorantino-da-matteo/web-2.jpg""]",verified,p7-ristorantino-da-matteo
a3cec9b0-6b83-4e0f-9ef9-66ccb0547307,Ye’s Cafe,"Tiny cozy coffee shop filled with old furniture, local calm and exactly the kind of unforced charm bigger specialty cafés try too hard to manufacture. Strong coffee, a few homemade treats and an easy hideaway when you want a slower neighborhood pause.",Coffee Shop,Great,Czech Republic,Prague,"Prague 7, Prague",50.097,14.434,Coffee,Coffee,indoor,FALSE,,,"[""Coffee""]",https://dgncazemkqsfxxmjdrbq.supabase.co/storage/v1/object/public/establishment-photos/seed/p7-yes-cafe/web-0.jpg,published,,2026-04-21 08:14:32.612952+00,2026-04-21 08:14:32.612952+00,"[""https://dgncazemkqsfxxmjdrbq.supabase.co/storage/v1/object/public/establishment-photos/seed/p7-yes-cafe/web-0.jpg"",""https://dgncazemkqsfxxmjdrbq.supabase.co/storage/v1/object/public/establishment-photos/seed/p7-yes-cafe/web-1.jpg"",""https://dgncazemkqsfxxmjdrbq.supabase.co/storage/v1/object/public/establishment-photos/seed/p7-yes-cafe/web-2.jpg""]",verified,p7-yes-cafe
5c3c80f9-7a46-4f69-b016-fa8597df7534,Terasa 67,"New rooftop summer addition above the Křižík Fountain built for sunset snacks, easy drinks and warm evening lingering. Stylish without being too formal, and likely to become one of those seasonal Prague spots people repeatedly suggest once terrace weather starts.",Bistro,Good,Czech Republic,Prague,"Prague 7, Prague",50.097,14.434,Cocktails,Drinks,outdoor,FALSE,,,"[""Bar""]",https://dgncazemkqsfxxmjdrbq.supabase.co/storage/v1/object/public/establishment-photos/seed/p7-terasa-67/web-0.jpg,published,,2026-04-21 08:14:47.275347+00,2026-04-21 08:14:47.275347+00,"[""https://dgncazemkqsfxxmjdrbq.supabase.co/storage/v1/object/public/establishment-photos/seed/p7-terasa-67/web-0.jpg"",""https://dgncazemkqsfxxmjdrbq.supabase.co/storage/v1/object/public/establishment-photos/seed/p7-terasa-67/web-1.png"",""https://dgncazemkqsfxxmjdrbq.supabase.co/storage/v1/object/public/establishment-photos/seed/p7-terasa-67/web-2.jpg""]",verified,p7-terasa-67
24604ceb-3f33-48df-bfa9-5ca2365d7c34,Acid Coffee,"Quiet little hidden coffee stop tucked inside the block, away from the main Holešovice movement. Good specialty coffee, a few snacks and a notably calmer mood than most of the neighborhood’s busier café addresses.",Coffee Shop,Good,Czech Republic,Prague,"Prague 7, Prague",50.097,14.434,Coffee,Coffee,outdoor,FALSE,,,"[""Coffee""]",https://dgncazemkqsfxxmjdrbq.supabase.co/storage/v1/object/public/establishment-photos/seed/p7-acid-coffee/web-0.png,published,,2026-04-21 08:14:49.260362+00,2026-04-21 08:14:49.260362+00,"[""https://dgncazemkqsfxxmjdrbq.supabase.co/storage/v1/object/public/establishment-photos/seed/p7-acid-coffee/web-0.png"",""https://dgncazemkqsfxxmjdrbq.supabase.co/storage/v1/object/public/establishment-photos/seed/p7-acid-coffee/web-1.jpg"",""https://dgncazemkqsfxxmjdrbq.supabase.co/storage/v1/object/public/establishment-photos/seed/p7-acid-coffee/web-2.jpg""]",verified,p7-acid-coffee
223b31b2-b855-4d9d-b136-beb90de760ef,Prosekárna Letná,"Part of Prague’s charming local prosecco bar mini-chain, offering exactly what the name promises: always-chilled bubbles, cozy seating and enough small snacks to turn drinks into an easy little gathering. ",Wine Bar,Great,Czech Republic,Prague,"Prague 7, Prague",50.097,14.434,Wine,Drinks,indoor,FALSE,,,"[""Bar"",""Wine""]",https://dgncazemkqsfxxmjdrbq.supabase.co/storage/v1/object/public/establishment-photos/seed/p7-prosekarna/web-0.jpg,published,,2026-04-21 08:14:35.427331+00,2026-04-21 08:14:35.427331+00,"[""https://dgncazemkqsfxxmjdrbq.supabase.co/storage/v1/object/public/establishment-photos/seed/p7-prosekarna/web-0.jpg"",""https://dgncazemkqsfxxmjdrbq.supabase.co/storage/v1/object/public/establishment-photos/seed/p7-prosekarna/web-1.jpg"",""https://dgncazemkqsfxxmjdrbq.supabase.co/storage/v1/object/public/establishment-photos/seed/p7-prosekarna/web-2.jpg""]",verified,p7-prosekarna
d717d0a6-05f6-4b99-bcc6-1c4e7f4ddc2d,Hillbilly,"Once considered Prague’s undisputed burger king, this rough biker-style bar still knows exactly what it is doing with burgers, fries and beer. No polished service, no cozy hospitality, just get in, get fed and leave happy if food matters more than smiles.",Restaurant,Good,Czech Republic,Prague,"Prague 7, Prague",50.097,14.434,Burgers,Dinner,indoor,FALSE,,,"[""Burger""]",https://dgncazemkqsfxxmjdrbq.supabase.co/storage/v1/object/public/establishment-photos/seed/p7-hillbilly/web-0.jpg,published,,2026-04-21 08:14:36.746461+00,2026-04-21 08:14:36.746461+00,"[""https://dgncazemkqsfxxmjdrbq.supabase.co/storage/v1/object/public/establishment-photos/seed/p7-hillbilly/web-0.jpg"",""https://dgncazemkqsfxxmjdrbq.supabase.co/storage/v1/object/public/establishment-photos/seed/p7-hillbilly/web-1.jpg"",""https://dgncazemkqsfxxmjdrbq.supabase.co/storage/v1/object/public/establishment-photos/seed/p7-hillbilly/web-2.jpg""]",verified,p7-hillbilly
ad015bf7-0226-4af1-92e9-e7b65ac6a901,Sandwich Rodeo,"From the Mr. Hot Dog and Big Smokers crew, this is Prague’s go-to address for American sandwich comfort done properly. Philly cheesesteaks, meatball subs and other heavy hitters served in a small format that makes it more cult stop than casual café.",Restaurant,Great,Czech Republic,Prague,"Prague 7, Prague",50.097,14.434,Sandwiches,Dinner,indoor,FALSE,,,"[""Dinner"",""Fast food""]",https://dgncazemkqsfxxmjdrbq.supabase.co/storage/v1/object/public/establishment-photos/seed/p7-sandwhich-rodeo/ai-0.png,published,,2026-04-21 08:14:36.973503+00,2026-04-21 08:14:36.973503+00,"[""https://dgncazemkqsfxxmjdrbq.supabase.co/storage/v1/object/public/establishment-photos/seed/p7-sandwhich-rodeo/ai-0.png"",""https://dgncazemkqsfxxmjdrbq.supabase.co/storage/v1/object/public/establishment-photos/seed/p7-sandwhich-rodeo/ai-1.png"",""https://dgncazemkqsfxxmjdrbq.supabase.co/storage/v1/object/public/establishment-photos/seed/p7-sandwhich-rodeo/ai-2.png""]",verified,p7-sandwhich-rodeo
aa2de475-168a-4b02-aa60-add0cad4a50d,Stejkárna Holešovice,"Reliable local steakhouse that skips the white-tablecloth performance and focuses on doing meat properly. Generous cuts, classic sides and a straightforward atmosphere make this a safe call when the craving is simply steak and not a culinary experiment",Restaurant,Good,Czech Republic,Prague,"Prague 7, Prague",50.097,14.434,Steak,Dinner,indoor,FALSE,,,"[""Dinner"",""Steak house""]",https://dgncazemkqsfxxmjdrbq.supabase.co/storage/v1/object/public/establishment-photos/seed/p7-stejkarna/web-0.jpg,published,,2026-04-21 08:14:41.029094+00,2026-04-21 08:14:41.029094+00,"[""https://dgncazemkqsfxxmjdrbq.supabase.co/storage/v1/object/public/establishment-photos/seed/p7-stejkarna/web-0.jpg"",""https://dgncazemkqsfxxmjdrbq.supabase.co/storage/v1/object/public/establishment-photos/seed/p7-stejkarna/web-1.jpg"",""https://dgncazemkqsfxxmjdrbq.supabase.co/storage/v1/object/public/establishment-photos/seed/p7-stejkarna/web-2.jpg""]",verified,p7-stejkarna
de99c86f-e4d1-452d-ac30-31f622d2a1d3,Cà Phê,"Temporarily closed. One of the earlier Holešovice cafés to prove the neighborhood knew how to do breakfast and lunch with personality long before Prague 7 became oversaturated with coffee spots. Vietnamese-influenced breakfasts, mango sticky rice, pho in the morning and a warm airy interior made this a genuinely distinctive all-day favorite.",Restaurant,Good,Czech Republic,Prague,"Prague 7, Prague",50.097,14.434,Vietnamese,Breakfast,outdoor,FALSE,,,"[""Coffee"",""Breakfast"",""Lunch""]",https://dgncazemkqsfxxmjdrbq.supabase.co/storage/v1/object/public/establishment-photos/seed/p7-ca-phe/web-0.jpg,unpublished,,2026-04-21 08:14:42.105637+00,2026-04-21 08:14:42.105637+00,"[""https://dgncazemkqsfxxmjdrbq.supabase.co/storage/v1/object/public/establishment-photos/seed/p7-ca-phe/web-0.jpg"",""https://dgncazemkqsfxxmjdrbq.supabase.co/storage/v1/object/public/establishment-photos/seed/p7-ca-phe/ai-0.png"",""https://dgncazemkqsfxxmjdrbq.supabase.co/storage/v1/object/public/establishment-photos/seed/p7-ca-phe/ai-1.png""]",verified,p7-ca-phe
3511ac7f-4da9-42d1-bfd5-93cf79504825,Kavárna Liberál,"Old-school European café in the true Central European sense: coffee, beer, simple lunch plates, newspapers, open seating and no pressure to rush anywhere. Bare-bones in the best way, with summer outdoor tables turning the square into a laid-back local beer garden.",Cafe,Good,Czech Republic,Prague,"Prague 7, Prague",50.097,14.434,Beer,Lunch,outdoor,FALSE,,,"[""Coffee"",""Breakfast"",""Beer"",""Czech"",""Lunch""]",https://dgncazemkqsfxxmjdrbq.supabase.co/storage/v1/object/public/establishment-photos/seed/p7-kavarna-liberal/web-0.png,published,,2026-04-21 08:14:42.391485+00,2026-04-21 08:14:42.391485+00,"[""https://dgncazemkqsfxxmjdrbq.supabase.co/storage/v1/object/public/establishment-photos/seed/p7-kavarna-liberal/web-0.png"",""https://dgncazemkqsfxxmjdrbq.supabase.co/storage/v1/object/public/establishment-photos/seed/p7-kavarna-liberal/web-1.png"",""https://dgncazemkqsfxxmjdrbq.supabase.co/storage/v1/object/public/establishment-photos/seed/p7-kavarna-liberal/web-2.jpg""]",verified,p7-kavarna-liberal
85ae90b6-00f2-4022-9eaa-310e851af4c9,Letec espresso bar,"Smaller sibling to Café Letka carrying over the same quality coffee DNA into a quicker neighborhood format. Great espresso, fresh buns, koláče and easy breakfast bites make this one of the nicer grab-and-go morning stops in Malý Berlín.",Coffee Shop,Great,Czech Republic,Prague,"Prague 7, Prague",50.097,14.434,Coffee,Coffee,outdoor,FALSE,,,"[""Coffee"",""Breakfast""]",https://dgncazemkqsfxxmjdrbq.supabase.co/storage/v1/object/public/establishment-photos/seed/p7-letec-espresso-bar/web-0.jpg,published,,2026-04-21 08:14:44.308302+00,2026-04-21 08:14:44.308302+00,"[""https://dgncazemkqsfxxmjdrbq.supabase.co/storage/v1/object/public/establishment-photos/seed/p7-letec-espresso-bar/web-0.jpg"",""https://dgncazemkqsfxxmjdrbq.supabase.co/storage/v1/object/public/establishment-photos/seed/p7-letec-espresso-bar/web-1.png"",""https://dgncazemkqsfxxmjdrbq.supabase.co/storage/v1/object/public/establishment-photos/seed/p7-letec-espresso-bar/web-2.jpg""]",verified,p7-letec-espresso-bar
14ca67ba-c119-4d85-9cd3-71fbad1d999f,Cafe Cruz,"Warm Argentinian spot mixing empanadas, roast chicken, sliders and a genuinely welcoming atmosphere that makes it easy to linger. Friendly staff, surprising interior and a nice break from the usual Prague brunch formulas.",Restaurant,Great,Czech Republic,Prague,"Prague 7, Prague",50.097,14.434,Empanadas,Dinner,indoor,FALSE,,,"[""Lunch"",""Dinner""]",https://dgncazemkqsfxxmjdrbq.supabase.co/storage/v1/object/public/establishment-photos/seed/p7-cafe-cruz/web-0.webp,published,,2026-04-21 08:14:52.359721+00,2026-04-21 08:14:52.359721+00,"[""https://dgncazemkqsfxxmjdrbq.supabase.co/storage/v1/object/public/establishment-photos/seed/p7-cafe-cruz/web-0.webp"",""https://dgncazemkqsfxxmjdrbq.supabase.co/storage/v1/object/public/establishment-photos/seed/p7-cafe-cruz/ai-0.png"",""https://dgncazemkqsfxxmjdrbq.supabase.co/storage/v1/object/public/establishment-photos/seed/p7-cafe-cruz/ai-1.png""]",verified,p7-cafe-cruz
4c2b4223-8e03-4eda-92bf-6757b2ef8662,The Miners Coffee Letna,"Another branch of Prague’s ever-expanding Miners chain, but this one earns points for its quieter inner-block seating and occasional DJ evenings. Good coffee as expected, younger crowd, and a slightly more social version of the now familiar Miners formula.",Coffee Shop,Good,Czech Republic,Prague,"Prague 7, Prague",50.097,14.434,Coffee,Breakfast,outdoor,FALSE,,,"[""Coffee"",""Breakfast"",""Lunch""]",https://dgncazemkqsfxxmjdrbq.supabase.co/storage/v1/object/public/establishment-photos/seed/p7-miners-letna/web-0.jpg,published,,2026-04-21 08:14:54.933678+00,2026-04-21 08:14:54.933678+00,"[""https://dgncazemkqsfxxmjdrbq.supabase.co/storage/v1/object/public/establishment-photos/seed/p7-miners-letna/web-0.jpg"",""https://dgncazemkqsfxxmjdrbq.supabase.co/storage/v1/object/public/establishment-photos/seed/p7-miners-letna/web-1.jpg"",""https://dgncazemkqsfxxmjdrbq.supabase.co/storage/v1/object/public/establishment-photos/seed/p7-miners-letna/web-2.jpg""]",verified,p7-miners-letna
027c5e78-e8a3-4f2c-b60f-4b60323268da,Teplá kačka,"A few years ago Teplá kačka arrived as one of Prague’s standout modern Asian spots and it has held that reputation well. Duck specialties, Asian sharing plates, polished service and a consistently strong kitchen make this an easy dinner or group choice.",Restaurant,Good,Czech Republic,Prague,"Prague 7, Prague",50.097,14.434,Asian Fusion,Dinner,indoor,FALSE,,,"[""Lunch"",""Asian""]",https://dgncazemkqsfxxmjdrbq.supabase.co/storage/v1/object/public/establishment-photos/seed/p7-tepla-kacka/web-0.jpg,published,,2026-04-21 08:14:57.486835+00,2026-04-21 08:14:57.486835+00,"[""https://dgncazemkqsfxxmjdrbq.supabase.co/storage/v1/object/public/establishment-photos/seed/p7-tepla-kacka/web-0.jpg"",""https://dgncazemkqsfxxmjdrbq.supabase.co/storage/v1/object/public/establishment-photos/seed/p7-tepla-kacka/ai-0.png"",""https://dgncazemkqsfxxmjdrbq.supabase.co/storage/v1/object/public/establishment-photos/seed/p7-tepla-kacka/ai-1.png""]",verified,p7-tepla-kacka
ddae4d92-a0af-4433-b458-087a042991cf,Onigirazu,"First dedicated onigirazu stop in Prague and still the city’s go-to place for these hearty Japanese sushi sandwiches. Takeaway only, fast and filling, and an ideal quick lunch when you want something different from the standard bakery run.",Takeaway,Good,Czech Republic,Prague,"Prague 7, Prague",50.097,14.434,Quick bites,Lunch,counter,FALSE,,,"[""Asian""]",https://dgncazemkqsfxxmjdrbq.supabase.co/storage/v1/object/public/establishment-photos/seed/p7-onigirazu/web-0.jpg,published,,2026-04-21 08:14:57.734795+00,2026-04-21 08:14:57.734795+00,"[""https://dgncazemkqsfxxmjdrbq.supabase.co/storage/v1/object/public/establishment-photos/seed/p7-onigirazu/web-0.jpg"",""https://dgncazemkqsfxxmjdrbq.supabase.co/storage/v1/object/public/establishment-photos/seed/p7-onigirazu/web-1.jpg"",""https://dgncazemkqsfxxmjdrbq.supabase.co/storage/v1/object/public/establishment-photos/seed/p7-onigirazu/web-2.jpg""]",verified,p7-onigirazu
0ea81790-1d7a-410d-b8d4-ae2d0c8ae741,hrnek,"Cozy youthful hangout balancing specialty coffee, good music and a small but thoughtful kitchen offer. Relaxed local energy, a nice place to sit longer. Check the cinnamon twist pastry. ",Coffee Shop,Great,Czech Republic,Prague,"Prague 7, Prague",50.097,14.434,Coffee,Breakfast,indoor,FALSE,,,"[""Coffee"",""Breakfast""]",https://dgncazemkqsfxxmjdrbq.supabase.co/storage/v1/object/public/establishment-photos/seed/p7-hrnek/web-0.png,published,,2026-04-21 08:14:59.495835+00,2026-04-21 08:14:59.495835+00,"[""https://dgncazemkqsfxxmjdrbq.supabase.co/storage/v1/object/public/establishment-photos/seed/p7-hrnek/web-0.png"",""https://dgncazemkqsfxxmjdrbq.supabase.co/storage/v1/object/public/establishment-photos/seed/p7-hrnek/web-1.jpg"",""https://dgncazemkqsfxxmjdrbq.supabase.co/storage/v1/object/public/establishment-photos/seed/p7-hrnek/web-2.jpg""]",verified,p7-hrnek
b168087f-0fdf-42e2-814d-75daca4b5117,Kolektor,"The chilled-out café inside the modern art museum, carrying much of the same young noisy community energy people loved when it was still Café Jedna. Great open industrial space, good snacks and coffee, but expect crowds, self-service and a bit of organized chaos at peak hours.",Cafe,Great,Czech Republic,Prague,"Prague 7, Prague",50.097,14.434,Coffee,Lunch,indoor,FALSE,,,"[""Coffee"",""Breakfast"",""Lunch""]",https://dgncazemkqsfxxmjdrbq.supabase.co/storage/v1/object/public/establishment-photos/seed/p7-kolektor/web-0.jpg,published,,2026-04-21 08:15:01.905338+00,2026-04-21 08:15:01.905338+00,"[""https://dgncazemkqsfxxmjdrbq.supabase.co/storage/v1/object/public/establishment-photos/seed/p7-kolektor/web-0.jpg"",""https://dgncazemkqsfxxmjdrbq.supabase.co/storage/v1/object/public/establishment-photos/seed/p7-kolektor/ai-0.png"",""https://dgncazemkqsfxxmjdrbq.supabase.co/storage/v1/object/public/establishment-photos/seed/p7-kolektor/ai-1.png""]",verified,p7-kolektor
d64fd911-a822-4230-9823-6c34f99251bb,BON Ramen,"Part of Prague’s trusted local BON noodle mini-chain and one of the more reliable places in Letná for authentic ramen, udon and soba. Consistent broths, handmade noodles and a straightforward formula that works when the weather asks for soup.",Restaurant,Good,Czech Republic,Prague,"Prague 7, Prague",50.097,14.434,Ramen,Lunch,indoor,FALSE,,,"[""Asian""]",https://dgncazemkqsfxxmjdrbq.supabase.co/storage/v1/object/public/establishment-photos/seed/p7-bon-ramen/web-0.jpg,published,,2026-04-21 08:15:09.513989+00,2026-04-21 08:15:09.513989+00,"[""https://dgncazemkqsfxxmjdrbq.supabase.co/storage/v1/object/public/establishment-photos/seed/p7-bon-ramen/web-0.jpg"",""https://dgncazemkqsfxxmjdrbq.supabase.co/storage/v1/object/public/establishment-photos/seed/p7-bon-ramen/web-1.webp"",""https://dgncazemkqsfxxmjdrbq.supabase.co/storage/v1/object/public/establishment-photos/seed/p7-bon-ramen/web-2.webp""]",verified,p7-bon-ramen
6ca9edce-77dd-44ef-a0e8-86eeef419f3e,Chutnej,"Started as a vegan pizza concept and evolved into one of the cozier friendly-service comfort spots in the area. Tasty food, warm atmosphere and the kind of casual place that makes plant-based eating feel pleasantly unpreachy.",Restaurant,Good,Czech Republic,Prague,"Prague 7, Prague",50.097,14.434,Pizza,Lunch,indoor,FALSE,,,"[""Vegan""]",https://dgncazemkqsfxxmjdrbq.supabase.co/storage/v1/object/public/establishment-photos/seed/p7-chutnej/web-0.jpg,published,,2026-04-21 08:15:10.946334+00,2026-04-21 08:15:10.946334+00,"[""https://dgncazemkqsfxxmjdrbq.supabase.co/storage/v1/object/public/establishment-photos/seed/p7-chutnej/web-0.jpg"",""https://dgncazemkqsfxxmjdrbq.supabase.co/storage/v1/object/public/establishment-photos/seed/p7-chutnej/web-1.png"",""https://dgncazemkqsfxxmjdrbq.supabase.co/storage/v1/object/public/establishment-photos/seed/p7-chutnej/ai-0.png""]",verified,p7-chutnej
3c5bb82c-37b4-48b0-a6db-8a516d0f7873,Pilot Cafe Letná,"Comfortable all-day café doing hearty breakfasts, specialty coffee, homemade desserts and a relaxed polished interior that works equally well for a slow morning or an afternoon glass of wine. A dependable newer Letná address when you are thinking boozy brunch.",Cafe,Good,Czech Republic,Prague,"Prague 7, Prague",50.097,14.434,Breakfast,Breakfast,indoor,FALSE,,,"[""Coffee"",""Breakfast""]",https://dgncazemkqsfxxmjdrbq.supabase.co/storage/v1/object/public/establishment-photos/seed/p7-pilot-cafe/web-0.jpg,published,,2026-04-21 08:15:12.114973+00,2026-04-21 08:15:12.114973+00,"[""https://dgncazemkqsfxxmjdrbq.supabase.co/storage/v1/object/public/establishment-photos/seed/p7-pilot-cafe/web-0.jpg"",""https://dgncazemkqsfxxmjdrbq.supabase.co/storage/v1/object/public/establishment-photos/seed/p7-pilot-cafe/web-1.jpg"",""https://dgncazemkqsfxxmjdrbq.supabase.co/storage/v1/object/public/establishment-photos/seed/p7-pilot-cafe/web-2.jpg""]",verified,p7-pilot-cafe
49fec639-df6f-4990-af7d-5199dd6474eb,moe,"Newcomer taking over the former Bistro 8 address and keeping the area supplied with polished breakfast and lunch options. Slightly pricier than the old neighborhood standard, but still a very solid modern café-bistro when you want something dependable in this part of Letná.",Bistro,Good,Czech Republic,Prague,"Prague 7, Prague",50.097,14.434,Coffee,Breakfast,indoor,FALSE,,,"[""Lunch""]",https://dgncazemkqsfxxmjdrbq.supabase.co/storage/v1/object/public/establishment-photos/seed/p7-moe/ai-0.png,published,,2026-04-21 08:15:14.150425+00,2026-04-21 08:15:14.150425+00,"[""https://dgncazemkqsfxxmjdrbq.supabase.co/storage/v1/object/public/establishment-photos/seed/p7-moe/ai-0.png"",""https://dgncazemkqsfxxmjdrbq.supabase.co/storage/v1/object/public/establishment-photos/seed/p7-moe/ai-1.png"",""https://dgncazemkqsfxxmjdrbq.supabase.co/storage/v1/object/public/establishment-photos/seed/p7-moe/ai-2.png""]",verified,p7-moe
9347af1b-ed60-479c-86eb-0d4fe721f515,Las Adelitas (Letná),"Newest cozy branch of Prague’s original Mexican institution serving the same trusted tacos, enchiladas and frozen margaritas people have loved for years. Easy group dinner choice, easy drinks choice, and still one of the city’s safest bets when Mexican is the craving.",Restaurant,Good,Czech Republic,Prague,"Prague 7, Prague",50.097,14.434,Mexican,Dinner,indoor,FALSE,,,"[""Mexican""]",https://dgncazemkqsfxxmjdrbq.supabase.co/storage/v1/object/public/establishment-photos/seed/p7-las-adelita-letna/web-0.png,published,,2026-04-21 08:15:31.730559+00,2026-04-21 08:15:31.730559+00,"[""https://dgncazemkqsfxxmjdrbq.supabase.co/storage/v1/object/public/establishment-photos/seed/p7-las-adelita-letna/web-0.png"",""https://dgncazemkqsfxxmjdrbq.supabase.co/storage/v1/object/public/establishment-photos/seed/p7-las-adelita-letna/web-1.png"",""https://dgncazemkqsfxxmjdrbq.supabase.co/storage/v1/object/public/establishment-photos/seed/p7-las-adelita-letna/web-2.jpg""]",verified,p7-las-adelita-letna
922c1ca1-83a3-4f87-b5ec-931a8e815db3,Cork,"Small intimate natural wine bar that has built a quiet loyal following among Letná wine people. Expect carefully chosen bottles, knowledgeable service and the kind of low-key evening atmosphere that works best for slower conversations rather than loud nights.",Wine Bar,New,Czech Republic,Prague,"Prague 7, Prague",50.097,14.434,Wine,Drinks,indoor,FALSE,,,"[""Bar"",""Wine""]",https://dgncazemkqsfxxmjdrbq.supabase.co/storage/v1/object/public/establishment-photos/seed/p7-cork/web-0.png,published,,2026-04-21 08:15:38.663416+00,2026-04-21 08:15:38.663416+00,"[""https://dgncazemkqsfxxmjdrbq.supabase.co/storage/v1/object/public/establishment-photos/seed/p7-cork/web-0.png"",""https://dgncazemkqsfxxmjdrbq.supabase.co/storage/v1/object/public/establishment-photos/seed/p7-cork/web-1.jpg"",""https://dgncazemkqsfxxmjdrbq.supabase.co/storage/v1/object/public/establishment-photos/seed/p7-cork/web-2.jpg""]",verified,p7-cork
8cf7a81a-2603-41c1-8e9a-1da4e1eb0aa2,Sally O'Brien's Irish Pub,"A genuinely well-regarded Irish pub that has quickly earned a reputation for one of the freshest Guinness pours in Prague. Friendly staff, sports, live music and a crowd that often treats it like a real neighborhood local rather than a tourist costume pub.",Pub,Good,Czech Republic,Prague,"Prague 7, Prague",50.097,14.434,Beer,Drinks,indoor,FALSE,,,"[""Beer"",""Bar""]",https://dgncazemkqsfxxmjdrbq.supabase.co/storage/v1/object/public/establishment-photos/seed/p7-sally-o-brien-s-irish-pub/ai-0.png,published,,2026-04-21 08:16:02.952106+00,2026-04-21 08:16:02.952106+00,"[""https://dgncazemkqsfxxmjdrbq.supabase.co/storage/v1/object/public/establishment-photos/seed/p7-sally-o-brien-s-irish-pub/ai-0.png"",""https://dgncazemkqsfxxmjdrbq.supabase.co/storage/v1/object/public/establishment-photos/seed/p7-sally-o-brien-s-irish-pub/ai-1.png"",""https://dgncazemkqsfxxmjdrbq.supabase.co/storage/v1/object/public/establishment-photos/seed/p7-sally-o-brien-s-irish-pub/ai-2.png""]",verified,p7-sally-o-brien-s-irish-pub
3e9c8045-fab8-4cc8-b5c0-e35473426bf6,Myšák - Holešovická tržnice,"Prague’s legendary historic cukrárna under Ambiente ownership has now landed in the fast-rising Holešovická tržnice complex. Top-tier cakes, polished pastry work and a constant local crowd already make this one of the market’s defining new anchors after the 2026 opening.",Cake Shop,Exceptional,Czech Republic,Prague,"Prague 7, Prague",50.097,14.434,Cakes,Dessert,outdoor,FALSE,,,"[""Coffee"",""Breakfast"",""Dessert""]",https://dgncazemkqsfxxmjdrbq.supabase.co/storage/v1/object/public/establishment-photos/seed/p7-mysak-trznice/ai-0.png,published,,2026-04-21 08:16:08.149327+00,2026-04-21 08:16:08.149327+00,"[""https://dgncazemkqsfxxmjdrbq.supabase.co/storage/v1/object/public/establishment-photos/seed/p7-mysak-trznice/ai-0.png"",""https://dgncazemkqsfxxmjdrbq.supabase.co/storage/v1/object/public/establishment-photos/seed/p7-mysak-trznice/ai-1.png"",""https://dgncazemkqsfxxmjdrbq.supabase.co/storage/v1/object/public/establishment-photos/seed/p7-mysak-trznice/ai-2.png""]",verified,p7-mysak-trznice
9c713cb3-17ad-4075-b021-280f6308bf77,Spojka,"Large-format Karlín café-bistro built to handle everything from breakfast meetings to evening drinks without losing its cool industrial polish. Spacious, stylish and reliably busy, with a broad modern menu that makes it one of the area’s easiest safe picks.",Restaurant,Good,Czech Republic,Prague,"Prague 8 - Karlin, Prague",50.097,14.434,Modern European,Dinner,outdoor,FALSE,,,"[""Modern European""]",https://dgncazemkqsfxxmjdrbq.supabase.co/storage/v1/object/public/establishment-photos/seed/p7-spojka/web-0.jpg,published,,2026-04-21 08:16:19.821682+00,2026-04-21 08:16:19.821682+00,"[""https://dgncazemkqsfxxmjdrbq.supabase.co/storage/v1/object/public/establishment-photos/seed/p7-spojka/web-0.jpg"",""https://dgncazemkqsfxxmjdrbq.supabase.co/storage/v1/object/public/establishment-photos/seed/p7-spojka/web-1.jpg"",""https://dgncazemkqsfxxmjdrbq.supabase.co/storage/v1/object/public/establishment-photos/seed/p7-spojka/web-2.webp""]",verified,p7-spojka
12d0e0cd-d785-4794-bc5d-0856277a0d2a,Mensa,"Formerly known for seafood, now reworked into a smaller polished bistro with a more Mediterranean and Italian-leaning menu. Cozy interior, thoughtful plates and a calmer grown-up dinner atmosphere make this feel more like a hidden neighborhood supper spot than a flashy new opening.",Restaurant,New,Czech Republic,Prague,"Prague 7, Prague",50.097,14.434,Pasta,Dinner,indoor,FALSE,,,"[""Lunch"",""Dinner""]",https://dgncazemkqsfxxmjdrbq.supabase.co/storage/v1/object/public/establishment-photos/seed/p7-mensa/web-0.png,published,,2026-04-21 08:16:22.215911+00,2026-04-21 08:16:22.215911+00,"[""https://dgncazemkqsfxxmjdrbq.supabase.co/storage/v1/object/public/establishment-photos/seed/p7-mensa/web-0.png"",""https://dgncazemkqsfxxmjdrbq.supabase.co/storage/v1/object/public/establishment-photos/seed/p7-mensa/ai-0.png"",""https://dgncazemkqsfxxmjdrbq.supabase.co/storage/v1/object/public/establishment-photos/seed/p7-mensa/ai-1.png""]",verified,p7-mensa
b2d87203-ae12-4081-b07a-2749ad99f33c,FUEL bistro,"Long-standing Karlín reliable for modern bistro plates that pull from Asian, Mediterranean and comfort-food directions without becoming gimmicky. Stylish enough for lunch meetings, relaxed enough for dinner, and one of those places that quietly keeps delivering year after year.",Bistro,Good,Czech Republic,Prague,"Prague 8 - Karlin, Prague",50.097,14.434,Asian Fusion,Lunch,outdoor,FALSE,,,"[""Restaurant"",""Bistro"",""Healthy""]",https://dgncazemkqsfxxmjdrbq.supabase.co/storage/v1/object/public/establishment-photos/seed/p7-fuel/web-0.jpg,published,,2026-04-21 08:16:33.360926+00,2026-04-21 08:16:33.360926+00,"[""https://dgncazemkqsfxxmjdrbq.supabase.co/storage/v1/object/public/establishment-photos/seed/p7-fuel/web-0.jpg"",""https://dgncazemkqsfxxmjdrbq.supabase.co/storage/v1/object/public/establishment-photos/seed/p7-fuel/web-1.jpg"",""https://dgncazemkqsfxxmjdrbq.supabase.co/storage/v1/object/public/establishment-photos/seed/p7-fuel/web-2.jpg""]",verified,p7-fuel
093115d1-5f1a-41f5-a5b1-de6f0a58add3,Dva kohouti,"One of Prague’s busiest after-work beer magnets where the office crowd spills into loud industrial courtyard chaos almost every evening. Fresh beer from the Matuška tanks, street-food energy and a social scene that feels more like an event than just a pub stop.",Brewery,Good,Czech Republic,Prague,"Prague 8 - Karlin, Prague",50.097,14.434,Beer,Drinks,outdoor,FALSE,,,"[""Beer"",""Fast food""]",,published,,2026-04-21 08:16:47.867022+00,2026-04-21 08:16:47.867022+00,[],verified,p7-dva-kohouti
def0527c-96b1-4ffa-b3ce-d90357bbb053,The Miners Coffee Bakery,"A newer extension of the ever-growing Miners universe, this one adding a fuller bakery component to the familiar polished specialty coffee formula. Expect the same modern crowd, strong drinks and photogenic pastry lineup, but with a little more substance than the chain’s smaller espresso-only branches.",Coffee Shop,New,Czech Republic,Prague,"Prague 8 - Karlin, Prague",50.097,14.434,Coffee,Breakfast,indoor,FALSE,,,"[""Coffee"",""Light fare""]",,published,,2026-04-21 08:17:01.448975+00,2026-04-21 08:17:01.448975+00,[],verified,p7-miners
768ed72f-cda8-476c-a6f4-b844ff674068,Na břehu Rhôny Letná,"Larger newer branch of Prague’s beloved French wine bar chain, pairing serious bottle selection with a spacious interior and pleasant outdoor garden. Come for wine and light snacks rather than a full meal, and it works especially well for longer evening catch-ups.",Wine Bar,Great,Czech Republic,Prague,"Prague 7, Prague",50.097,14.434,Wine,Drinks,outdoor,FALSE,,,"[""Bar"",""Wine""]",https://dgncazemkqsfxxmjdrbq.supabase.co/storage/v1/object/public/establishment-photos/seed/p7-na-brehu-rhony/web-0.png,published,,2026-04-21 08:15:16.232559+00,2026-04-21 08:15:16.232559+00,"[""https://dgncazemkqsfxxmjdrbq.supabase.co/storage/v1/object/public/establishment-photos/seed/p7-na-brehu-rhony/web-0.png"",""https://dgncazemkqsfxxmjdrbq.supabase.co/storage/v1/object/public/establishment-photos/seed/p7-na-brehu-rhony/web-1.png"",""https://dgncazemkqsfxxmjdrbq.supabase.co/storage/v1/object/public/establishment-photos/seed/p7-na-brehu-rhony/web-2.png""]",verified,p7-na-brehu-rhony
55e04806-c4b1-4b50-9851-5f08544c86c0,PIPCA,"Funky modern joint built around grilled chicken but branching confidently into Asian-fusion comfort plates and drinks. Cool interior, a few outdoor seats in warmer months and a refreshing break from Prague’s more predictable dining options.",Restaurant,Great,Czech Republic,Prague,"Prague 7, Prague",50.097,14.434,Chicken,Dinner,indoor,FALSE,,,"[""Lunch"",""Dinner""]",https://dgncazemkqsfxxmjdrbq.supabase.co/storage/v1/object/public/establishment-photos/seed/p7-pipca/web-0.png,published,,2026-04-21 08:15:28.612738+00,2026-04-21 08:15:28.612738+00,"[""https://dgncazemkqsfxxmjdrbq.supabase.co/storage/v1/object/public/establishment-photos/seed/p7-pipca/web-0.png"",""https://dgncazemkqsfxxmjdrbq.supabase.co/storage/v1/object/public/establishment-photos/seed/p7-pipca/web-1.png"",""https://dgncazemkqsfxxmjdrbq.supabase.co/storage/v1/object/public/establishment-photos/seed/p7-pipca/web-2.png""]",verified,p7-pipca
098c4de2-a4b4-4ca7-9ed8-d5ab2f4dfa0d,LOKA,"What used to be a surprisingly good hidden coffee counter inside Alza has now grown into a more polished café concept with slightly less bargain charm. Prices went up, but the coffee, snacks and practical convenience still make it a very solid stop if shopping or waiting nearby.",Coffee Shop,Great,Czech Republic,Prague,"Prague 7, Prague",50.097,14.434,Coffee,Coffee,indoor,FALSE,,,"[""Coffee"",""Breakfast""]",https://dgncazemkqsfxxmjdrbq.supabase.co/storage/v1/object/public/establishment-photos/seed/p7-loka/web-0.jpg,published,,2026-04-21 08:16:00.602705+00,2026-04-21 08:16:00.602705+00,"[""https://dgncazemkqsfxxmjdrbq.supabase.co/storage/v1/object/public/establishment-photos/seed/p7-loka/web-0.jpg"",""https://dgncazemkqsfxxmjdrbq.supabase.co/storage/v1/object/public/establishment-photos/seed/p7-loka/ai-0.png"",""https://dgncazemkqsfxxmjdrbq.supabase.co/storage/v1/object/public/establishment-photos/seed/p7-loka/ai-1.png""]",verified,p7-loka
73decdd3-ec41-47ab-90eb-7cd2083903a7,Lokál Hamburk,"Back in peak Lokál mania this was one of those places where people happily drank Pilsner dressed for a night out right on the pavement. It has since matured into a true Karlín institution, still pouring top fresh Plzeň and serving the same dependable Czech classics with quality intact.",Restaurant,Good,Czech Republic,Prague,"Prague 8 - Karlin, Prague",50.097,14.434,Beer,Lunch,indoor,FALSE,,,"[""Czech"",""Beer""]",https://dgncazemkqsfxxmjdrbq.supabase.co/storage/v1/object/public/establishment-photos/seed/p7-lokal-hamburk/web-0.jpg,published,,2026-04-21 08:16:48.756673+00,2026-04-21 08:16:48.756673+00,"[""https://dgncazemkqsfxxmjdrbq.supabase.co/storage/v1/object/public/establishment-photos/seed/p7-lokal-hamburk/web-0.jpg"",""https://dgncazemkqsfxxmjdrbq.supabase.co/storage/v1/object/public/establishment-photos/seed/p7-lokal-hamburk/web-1.png"",""https://dgncazemkqsfxxmjdrbq.supabase.co/storage/v1/object/public/establishment-photos/seed/p7-lokal-hamburk/web-2.png""]",verified,p7-lokal-hamburk
67327da1-1c00-46ff-a64c-8e5ab23ddccc,Kaava,"Tiny Karlín corner café with a quietly devoted local following built on genuinely excellent coffee, homemade cakes and unusually warm service. Mediterranean touches, small outdoor seating and a softer neighborhood feel make this more personal than the average office-district coffee stop.",Coffee Shop,Good,Czech Republic,Prague,"Prague 8 - Karlin, Prague",50.097,14.434,Coffee,Coffee,indoor,FALSE,,,"[""Coffee""]",https://dgncazemkqsfxxmjdrbq.supabase.co/storage/v1/object/public/establishment-photos/seed/p7-kaava/web-0.jpg,published,,2026-04-21 08:17:02.419221+00,2026-04-21 08:17:02.419221+00,"[""https://dgncazemkqsfxxmjdrbq.supabase.co/storage/v1/object/public/establishment-photos/seed/p7-kaava/web-0.jpg"",""https://dgncazemkqsfxxmjdrbq.supabase.co/storage/v1/object/public/establishment-photos/seed/p7-kaava/web-1.jpg"",""https://dgncazemkqsfxxmjdrbq.supabase.co/storage/v1/object/public/establishment-photos/seed/p7-kaava/web-2.jpg""]",verified,p7-kaava
a7a09086-ad7e-47db-a085-682763a21109,Můj Šálek Kávy,"One of Prague’s foundational brunch institutions and among the very first places to make specialty coffee breakfasts a city obsession. Still packed, still excellent, and one of those rare pioneers that never really lost relevance as dozens of imitators followed.",Cafe,Great,Czech Republic,Prague,"Prague 8 - Karlin, Prague",50.097,14.434,Coffee,Breakfast,outdoor,FALSE,,,"[""Coffee"",""Baked goods"",""Brunch"",""Breakfast"",""Drinks""]",https://dgncazemkqsfxxmjdrbq.supabase.co/storage/v1/object/public/establishment-photos/seed/p7-muj-salek-kavy/web-0.jpg,published,,2026-04-21 08:16:35.4051+00,2026-04-21 08:30:50.947252+00,"[""https://dgncazemkqsfxxmjdrbq.supabase.co/storage/v1/object/public/establishment-photos/seed/p7-muj-salek-kavy/web-0.jpg"",""https://dgncazemkqsfxxmjdrbq.supabase.co/storage/v1/object/public/establishment-photos/seed/p7-muj-salek-kavy/web-1.jpg"",""https://dgncazemkqsfxxmjdrbq.supabase.co/storage/v1/object/public/establishment-photos/seed/p7-muj-salek-kavy/ai-0.png""]",verified,p7-muj-salek-kavy
f1c1a6b9-590a-4a43-b589-bc442df156a1,Lokál Nad Stromovkou,"By now a full local institution and one of the most dependable Czech pub hangs in any part of Prague. Standardly excellent Czech classics, famously fresh Pilsner Urquell, lots of regulars and a perfect reward stop before or after a long walk in Stromovka.",Restaurant,Great,Czech Republic,Prague,"Prague 7, Prague",50.097,14.434,Beer,Lunch,outdoor,FALSE,,,"[""Beer"",""Czech"",""Lunch""]",https://dgncazemkqsfxxmjdrbq.supabase.co/storage/v1/object/public/establishment-photos/seed/p7-lokal-nad-stromovkou/web-0.jpg,published,,2026-04-21 08:15:17.621598+00,2026-04-21 08:15:17.621598+00,"[""https://dgncazemkqsfxxmjdrbq.supabase.co/storage/v1/object/public/establishment-photos/seed/p7-lokal-nad-stromovkou/web-0.jpg"",""https://dgncazemkqsfxxmjdrbq.supabase.co/storage/v1/object/public/establishment-photos/seed/p7-lokal-nad-stromovkou/web-1.png"",""https://dgncazemkqsfxxmjdrbq.supabase.co/storage/v1/object/public/establishment-photos/seed/p7-lokal-nad-stromovkou/web-2.png""]",verified,p7-lokal-nad-stromovkou
b93ef698-e34f-4774-8f32-ab16599c1bd0,format.coffee,"Tiny Mazelab coffee outpost proving that very small spaces can still deliver very serious coffee. A few snacks, a couple hidden seats in the back and an easy stop when you care more about the cup than the café bustle.",Coffee Shop,Great,Czech Republic,Prague,"Prague 7, Prague",50.097,14.434,Coffee,Coffee,indoor,FALSE,,,"[""Coffee"",""Breakfast""]",https://dgncazemkqsfxxmjdrbq.supabase.co/storage/v1/object/public/establishment-photos/seed/p7-format-coffee/web-0.png,published,,2026-04-21 08:15:26.796656+00,2026-04-21 08:15:26.796656+00,"[""https://dgncazemkqsfxxmjdrbq.supabase.co/storage/v1/object/public/establishment-photos/seed/p7-format-coffee/web-0.png"",""https://dgncazemkqsfxxmjdrbq.supabase.co/storage/v1/object/public/establishment-photos/seed/p7-format-coffee/web-1.png"",""https://dgncazemkqsfxxmjdrbq.supabase.co/storage/v1/object/public/establishment-photos/seed/p7-format-coffee/web-2.png""]",verified,p7-format-coffee
7f95fe10-92f3-45ec-91e3-efc60401c964,Café Tvaroh,"Hip student-friendly café with a reliably lively back garden and enough kitchen substance to make it more than just a coffee stop. Good for working, meeting friends or casually lingering when you want one of Letná’s younger social café atmospheres.",Cafe,Good,Czech Republic,Prague,"Prague 7, Prague",50.097,14.434,Coffee,Breakfast,outdoor,FALSE,,,"[""Coffee"",""Breakfast"",""Lunch""]",https://dgncazemkqsfxxmjdrbq.supabase.co/storage/v1/object/public/establishment-photos/seed/p7-cafe-tvaroh/web-0.png,published,,2026-04-21 08:15:38.572209+00,2026-04-21 08:15:38.572209+00,"[""https://dgncazemkqsfxxmjdrbq.supabase.co/storage/v1/object/public/establishment-photos/seed/p7-cafe-tvaroh/web-0.png"",""https://dgncazemkqsfxxmjdrbq.supabase.co/storage/v1/object/public/establishment-photos/seed/p7-cafe-tvaroh/ai-0.png"",""https://dgncazemkqsfxxmjdrbq.supabase.co/storage/v1/object/public/establishment-photos/seed/p7-cafe-tvaroh/ai-1.png""]",verified,p7-cafe-tvaroh
6bfcbc8f-53b0-498c-b901-5e28d4cbe6b0,Vezmi pivo na klobásu,"Clean-looking modern beer stop built around a very Czech simple promise: good draft beer and proper sausage without unnecessary fuss. More polished than the old-school kiosk version of this concept, and exactly the kind of casual walk-in place that works for one quick standing round or an easy snack.",Takeaway,New,Czech Republic,Prague,"Prague 7, Prague",50.097,14.434,Beer,Lunch,counter,FALSE,,,"[""Butcher""]",https://dgncazemkqsfxxmjdrbq.supabase.co/storage/v1/object/public/establishment-photos/seed/p7-vezmi-pivo-na-klobasu/ai-0.png,published,,2026-04-21 08:15:59.099181+00,2026-04-21 08:15:59.099181+00,"[""https://dgncazemkqsfxxmjdrbq.supabase.co/storage/v1/object/public/establishment-photos/seed/p7-vezmi-pivo-na-klobasu/ai-0.png"",""https://dgncazemkqsfxxmjdrbq.supabase.co/storage/v1/object/public/establishment-photos/seed/p7-vezmi-pivo-na-klobasu/ai-1.png"",""https://dgncazemkqsfxxmjdrbq.supabase.co/storage/v1/object/public/establishment-photos/seed/p7-vezmi-pivo-na-klobasu/ai-2.png""]",verified,p7-vezmi-pivo-na-klobasu
c085e31a-d137-45ed-873f-a1f0eab8badd,Supernova Bakehouse,"Second Supernova branch bringing the same polished pastries, savory treats and high-design baked goods into a much more accessible Karlín location. It lacks a bit of the hidden-neighborhood romance of the original, but the quality remains fully benchmark level.",Bakery,Great,Czech Republic,Prague,"Prague 8 - Karlin, Prague",50.097,14.434,Pastries,Breakfast,indoor,FALSE,,,"[""Bakery""]",https://dgncazemkqsfxxmjdrbq.supabase.co/storage/v1/object/public/establishment-photos/seed/p7-supernova/web-0.png,published,,2026-04-21 08:16:28.700896+00,2026-04-21 08:16:28.700896+00,"[""https://dgncazemkqsfxxmjdrbq.supabase.co/storage/v1/object/public/establishment-photos/seed/p7-supernova/web-0.png"",""https://dgncazemkqsfxxmjdrbq.supabase.co/storage/v1/object/public/establishment-photos/seed/p7-supernova/web-1.jpg"",""https://dgncazemkqsfxxmjdrbq.supabase.co/storage/v1/object/public/establishment-photos/seed/p7-supernova/web-2.jpg""]",verified,p7-supernova
163e2a04-d62c-40fb-9fd1-e0677722b61b,Off bistro by Home Kitchen,"New Prague 8 offshoot from the Home Kitchen family bringing the same trusted homemade quality into a smaller office-friendly lunch and snack format. Soups, sandwiches, baked goods and easy daily meals make this a very welcome upgrade from standard business district canteen food.",Bistro,New,Czech Republic,Prague,"Prague 8 - Karlin, Prague",50.097,14.434,Modern European,Lunch,indoor,FALSE,,,"[""Modern European"",""Coffee"",""Baked goods""]",https://dgncazemkqsfxxmjdrbq.supabase.co/storage/v1/object/public/establishment-photos/seed/p7-off-by-home-kitchen/web-0.jpg,published,,2026-04-21 08:16:43.852054+00,2026-04-21 08:16:43.852054+00,"[""https://dgncazemkqsfxxmjdrbq.supabase.co/storage/v1/object/public/establishment-photos/seed/p7-off-by-home-kitchen/web-0.jpg"",""https://dgncazemkqsfxxmjdrbq.supabase.co/storage/v1/object/public/establishment-photos/seed/p7-off-by-home-kitchen/web-1.jpg"",""https://dgncazemkqsfxxmjdrbq.supabase.co/storage/v1/object/public/establishment-photos/seed/p7-off-by-home-kitchen/web-2.jpg""]",verified,p7-off-by-home-kitchen
0eb7e174-e662-47ee-baa7-7f3e5b37e0c5,Sugo,"A very well-executed new Italian that proves fresh development buildings do not automatically kill atmosphere. Excellent pasta, confidently flavored plates, handsome interior and a lively social room make this better for a buzzing dinner than a long romantic evening — eat well, have a drink, then continue out.",Restaurant,Good,Czech Republic,Prague,"Prague 8 - Karlin, Prague",50.097,14.434,Pasta,Dinner,indoor,FALSE,,,"[""Italian"",""Drinks""]",https://dgncazemkqsfxxmjdrbq.supabase.co/storage/v1/object/public/establishment-photos/seed/p7-sugo/web-0.png,published,,2026-04-21 08:16:59.166429+00,2026-04-21 08:16:59.166429+00,"[""https://dgncazemkqsfxxmjdrbq.supabase.co/storage/v1/object/public/establishment-photos/seed/p7-sugo/web-0.png"",""https://dgncazemkqsfxxmjdrbq.supabase.co/storage/v1/object/public/establishment-photos/seed/p7-sugo/web-1.png"",""https://dgncazemkqsfxxmjdrbq.supabase.co/storage/v1/object/public/establishment-photos/seed/p7-sugo/web-2.jpg""]",verified,p7-sugo
e22d29c9-2431-438c-87a1-688b4a1454f7,Chleba a máslo,"Started as a modest bakery window and slowly turned into one of Letná’s more unique all-purpose comfort food stops. Excellent pancakes, baked goods, tiny schnitzels and other Czech-friendly treats, now with indoor seating that makes it more than just a grab-and-go run.",Bakery,Great,Czech Republic,Prague,"Prague 7, Prague",50.097,14.434,Bread,Breakfast,indoor,FALSE,,,"[""Coffee"",""Breakfast"",""Lunch"",""Bakery""]",https://dgncazemkqsfxxmjdrbq.supabase.co/storage/v1/object/public/establishment-photos/seed/p7-chleba-a-maslo/web-0.png,published,,2026-04-21 08:15:18.772342+00,2026-04-21 08:15:18.772342+00,"[""https://dgncazemkqsfxxmjdrbq.supabase.co/storage/v1/object/public/establishment-photos/seed/p7-chleba-a-maslo/web-0.png"",""https://dgncazemkqsfxxmjdrbq.supabase.co/storage/v1/object/public/establishment-photos/seed/p7-chleba-a-maslo/web-1.webp"",""https://dgncazemkqsfxxmjdrbq.supabase.co/storage/v1/object/public/establishment-photos/seed/p7-chleba-a-maslo/web-2.webp""]",verified,p7-chleba-a-maslo
51bb940e-85a8-45e0-b60f-dfa195d0ff64,ESKA Letna,"Compact sibling to the famous Karlín flagship bringing ESKA’s excellent coffee, bread and signature baked products into Letná. Smaller and more practical and not offering a full kitchen, but a quality stop  you can trust.",Bakery,Great,Czech Republic,Prague,"Prague 7, Prague",50.097,14.434,Coffee,Breakfast,indoor,FALSE,,,"[""Coffee"",""Breakfast"",""Dinner""]",https://dgncazemkqsfxxmjdrbq.supabase.co/storage/v1/object/public/establishment-photos/seed/p7-eska-letna/ai-0.png,published,,2026-04-21 08:15:25.254928+00,2026-04-21 08:15:25.254928+00,"[""https://dgncazemkqsfxxmjdrbq.supabase.co/storage/v1/object/public/establishment-photos/seed/p7-eska-letna/ai-0.png"",""https://dgncazemkqsfxxmjdrbq.supabase.co/storage/v1/object/public/establishment-photos/seed/p7-eska-letna/ai-1.png"",""https://dgncazemkqsfxxmjdrbq.supabase.co/storage/v1/object/public/establishment-photos/seed/p7-eska-letna/ai-2.png""]",verified,p7-eska-letna
dbe34ee3-c90e-4d41-9c7d-b3b6d79609ca,Matilda,"A newer Letná anchor quickly becoming one of the area’s see-and-be-seen Italian tables. Packed room, polished plates, kind service and enough buzz to make this feel like both a social outing and a genuinely good dinner.",Restaurant,Great,Czech Republic,Prague,"Prague 7, Prague",50.097,14.434,Pasta,Lunch,outdoor,FALSE,,,"[""Lunch"",""Dinner"",""Italian""]",https://dgncazemkqsfxxmjdrbq.supabase.co/storage/v1/object/public/establishment-photos/seed/p7-matilda/web-0.jpg,published,,2026-04-21 08:15:43.871618+00,2026-04-21 08:15:43.871618+00,"[""https://dgncazemkqsfxxmjdrbq.supabase.co/storage/v1/object/public/establishment-photos/seed/p7-matilda/web-0.jpg"",""https://dgncazemkqsfxxmjdrbq.supabase.co/storage/v1/object/public/establishment-photos/seed/p7-matilda/web-1.png"",""https://dgncazemkqsfxxmjdrbq.supabase.co/storage/v1/object/public/establishment-photos/seed/p7-matilda/web-2.jpg""]",verified,p7-matilda
d0c7de0e-e2d4-4293-95d1-500e2535ec25,Cukrárna Alchymista,"Special little cake house best known for its award-winning cheesecakes, but the real magic is the hidden garden tucked away in the back. Come for dessert, coffee or an afternoon drink and stay longer than planned once you find the courtyard.",Cake Shop,Great,Czech Republic,Prague,"Prague 7, Prague",50.097,14.434,Cakes,Dessert,outdoor,FALSE,,,"[""Coffee"",""Breakfast"",""Bakery"",""Dessert""]",https://dgncazemkqsfxxmjdrbq.supabase.co/storage/v1/object/public/establishment-photos/seed/p7-alchymista/web-0.jpg,published,,2026-04-21 08:15:19.965326+00,2026-04-21 08:15:19.965326+00,"[""https://dgncazemkqsfxxmjdrbq.supabase.co/storage/v1/object/public/establishment-photos/seed/p7-alchymista/web-0.jpg"",""https://dgncazemkqsfxxmjdrbq.supabase.co/storage/v1/object/public/establishment-photos/seed/p7-alchymista/web-1.jpg"",""https://dgncazemkqsfxxmjdrbq.supabase.co/storage/v1/object/public/establishment-photos/seed/p7-alchymista/web-2.jpg""]",verified,p7-alchymista
e3db7442-4acd-46e3-a6d8-343302ff0497,Dos Mundos Café,"One of Prague’s original locally roasted specialty coffee names and still one of the friendliest reliable caffeine stops around. Good coffee, kind people, proper decaf and the sort of unfussy consistency that helped build Prague’s coffee scene before it became crowded.",Coffee Shop,Good,Czech Republic,Prague,"Prague 7, Prague",50.097,14.434,Coffee,Coffee,indoor,FALSE,,,"[""Coffee""]",https://dgncazemkqsfxxmjdrbq.supabase.co/storage/v1/object/public/establishment-photos/seed/p7-dos-mundos/web-0.jpg,published,,2026-04-21 08:15:26.646055+00,2026-04-21 08:15:26.646055+00,"[""https://dgncazemkqsfxxmjdrbq.supabase.co/storage/v1/object/public/establishment-photos/seed/p7-dos-mundos/web-0.jpg"",""https://dgncazemkqsfxxmjdrbq.supabase.co/storage/v1/object/public/establishment-photos/seed/p7-dos-mundos/web-1.jpg"",""https://dgncazemkqsfxxmjdrbq.supabase.co/storage/v1/object/public/establishment-photos/seed/p7-dos-mundos/web-2.jpg""]",verified,p7-dos-mundos
0aae6b9d-ffc1-4c92-b631-f9446be196c9,Matsuri,"Authentic Japanese izakaya-style bistro with exactly the slightly chaotic packed-table energy people hope for when they say they want the real thing. Japanese comfort dishes, drinks, loud evenings and a vibe that feels far closer to Tokyo side-street dining than polished Prague sushi minimalism.",Bistro,New,Czech Republic,Prague,"Prague 7, Prague",50.097,14.434,Bento,Drinks,indoor,FALSE,,,"[""Asian""]",https://dgncazemkqsfxxmjdrbq.supabase.co/storage/v1/object/public/establishment-photos/seed/p7-matsuri/web-0.jpg,published,,2026-04-21 08:16:10.391187+00,2026-04-21 08:16:10.391187+00,"[""https://dgncazemkqsfxxmjdrbq.supabase.co/storage/v1/object/public/establishment-photos/seed/p7-matsuri/web-0.jpg"",""https://dgncazemkqsfxxmjdrbq.supabase.co/storage/v1/object/public/establishment-photos/seed/p7-matsuri/web-1.webp"",""https://dgncazemkqsfxxmjdrbq.supabase.co/storage/v1/object/public/establishment-photos/seed/p7-matsuri/web-2.webp""]",verified,p7-matsuri
b4e84a18-1927-44b8-bb6c-77fb05a4bc91,Nejen Bistro,"Permanently Closed. For a long time one of Karlín’s most rounded and quietly dependable modern bistros, equally comfortable for casual lunch, business dinner or team evening out. The kitchen was broad enough to stay interesting, the service consistently polished, and even when later menus drifted into more eccentric experiments it remained one of those places people trusted almost automatically.",Restaurant,Great,Czech Republic,Prague,"Prague 8 - Karlin, Prague",50.097,14.434,Modern European,Dinner,outdoor,FALSE,,,[],https://dgncazemkqsfxxmjdrbq.supabase.co/storage/v1/object/public/establishment-photos/seed/p7-nejen-bistro/web-0.jpg,unpublished,,2026-04-21 08:16:27.967006+00,2026-04-21 08:16:27.967006+00,"[""https://dgncazemkqsfxxmjdrbq.supabase.co/storage/v1/object/public/establishment-photos/seed/p7-nejen-bistro/web-0.jpg"",""https://dgncazemkqsfxxmjdrbq.supabase.co/storage/v1/object/public/establishment-photos/seed/p7-nejen-bistro/ai-0.png"",""https://dgncazemkqsfxxmjdrbq.supabase.co/storage/v1/object/public/establishment-photos/seed/p7-nejen-bistro/ai-1.png""]",verified,p7-nejen-bistro
de078886-8a32-4b14-b9a0-be0c57f69d0e,Y’es coffee and wine,"Second branch of the much-loved cozy Letná original, this time translated into a brighter modern building with more seating, more food and evening wine to stretch the day longer. It keeps the warm personal feel while functioning as a fuller all-day café stop.",Cafe,Good,Czech Republic,Prague,"Prague 8 - Karlin, Prague",50.097,14.434,Coffee,Coffee,outdoor,FALSE,,,"[""Coffee"",""Drinks""]",https://dgncazemkqsfxxmjdrbq.supabase.co/storage/v1/object/public/establishment-photos/seed/p7-yes-coffee-and-wine/web-0.jpg,published,,2026-04-21 08:16:56.710215+00,2026-04-21 08:16:56.710215+00,"[""https://dgncazemkqsfxxmjdrbq.supabase.co/storage/v1/object/public/establishment-photos/seed/p7-yes-coffee-and-wine/web-0.jpg"",""https://dgncazemkqsfxxmjdrbq.supabase.co/storage/v1/object/public/establishment-photos/seed/p7-yes-coffee-and-wine/web-1.jpg"",""https://dgncazemkqsfxxmjdrbq.supabase.co/storage/v1/object/public/establishment-photos/seed/p7-yes-coffee-and-wine/web-2.png""]",verified,p7-yes-coffee-and-wine
08977c06-d005-44a7-9eb7-6691aa2c1373,Karlínská HolKa,"Larger friendly Czech restaurant right by the river offering dependable local classics in a brighter more modern format than the average pub. Good for groups, easy lunches and straightforward Czech comfort when you want substance without old tavern heaviness.",Restaurant,Good,Czech Republic,Prague,"Prague 8 - Karlin, Prague",50.097,14.434,Beer,Lunch,outdoor,FALSE,,,"[""Czech"",""Beer""]",https://dgncazemkqsfxxmjdrbq.supabase.co/storage/v1/object/public/establishment-photos/seed/p7-holka/web-0.webp,published,,2026-04-21 08:16:42.245391+00,2026-04-21 08:31:08.253351+00,"[""https://dgncazemkqsfxxmjdrbq.supabase.co/storage/v1/object/public/establishment-photos/seed/p7-holka/web-0.webp"",""https://dgncazemkqsfxxmjdrbq.supabase.co/storage/v1/object/public/establishment-photos/seed/p7-holka/ai-0.png"",""https://dgncazemkqsfxxmjdrbq.supabase.co/storage/v1/object/public/establishment-photos/seed/p7-holka/ai-1.png""]",verified,p7-holka
1050f73a-fffd-4b57-9fd1-4b3aa2a86e81,Alf & Bet,"Bakery and roastery sibling to the EMA coffee family, and for many people the place where the concept actually feels most complete. Excellent bread, pastries, breakfast plates and serious coffee all under one roof — a benchmark Karlín staple that still fully deserves its crowd.",Bakery,Great,Czech Republic,Prague,"Prague 8 - Libeň, Prague",50.097,14.434,Coffee,Breakfast,indoor,FALSE,,,"[""Coffee"",""Baked goods"",""Breakfast""]",https://dgncazemkqsfxxmjdrbq.supabase.co/storage/v1/object/public/establishment-photos/seed/p7-alf-bet/web-0.jpg,published,,2026-04-21 08:17:20.556289+00,2026-04-21 08:31:13.697901+00,"[""https://dgncazemkqsfxxmjdrbq.supabase.co/storage/v1/object/public/establishment-photos/seed/p7-alf-bet/web-0.jpg"",""https://dgncazemkqsfxxmjdrbq.supabase.co/storage/v1/object/public/establishment-photos/seed/p7-alf-bet/web-1.jpg"",""https://dgncazemkqsfxxmjdrbq.supabase.co/storage/v1/object/public/establishment-photos/seed/p7-alf-bet/ai-0.png""]",verified,p7-alf-bet
eb6e3411-e307-46ed-8467-60b232435edd,Luft,"One of Holešovice’s cooler late-day bar addresses, mixing serious cocktails, coffee, sandwiches and a distinctly music-driven interior scene. Vinyl, listening sessions and occasional dancing give this place more personality than the average neighborhood bar, especially once the evening crowd rolls in.",Bar,Good,Czech Republic,Prague,"Prague 7, Prague",50.097,14.434,Cocktails,Drinks,indoor,FALSE,,,"[""Bar""]",https://dgncazemkqsfxxmjdrbq.supabase.co/storage/v1/object/public/establishment-photos/seed/p7-luft/web-0.png,published,,2026-04-21 08:15:33.874249+00,2026-04-21 08:15:33.874249+00,"[""https://dgncazemkqsfxxmjdrbq.supabase.co/storage/v1/object/public/establishment-photos/seed/p7-luft/web-0.png"",""https://dgncazemkqsfxxmjdrbq.supabase.co/storage/v1/object/public/establishment-photos/seed/p7-luft/web-1.png"",""https://dgncazemkqsfxxmjdrbq.supabase.co/storage/v1/object/public/establishment-photos/seed/p7-luft/web-2.png""]",verified,p7-luft
6751865f-8f60-49a8-8ecd-dbdd3af679d1,Café Lajka,"One of Letná’s most established all-round local hangouts balancing café, craft beer bar and relaxed pub in one easy format. Strong coffee, its own brewery downstairs, plenty of regulars and a comfortable leafy setting make this a place people use from afternoon work to evening drinks.",Pub,Good,Czech Republic,Prague,"Prague 7, Prague",50.097,14.434,Cocktails,Drinks,indoor,FALSE,,,"[""Bar""]",https://dgncazemkqsfxxmjdrbq.supabase.co/storage/v1/object/public/establishment-photos/seed/p7-cafe-lajka/web-0.png,published,,2026-04-21 08:15:40.256132+00,2026-04-21 08:15:40.256132+00,"[""https://dgncazemkqsfxxmjdrbq.supabase.co/storage/v1/object/public/establishment-photos/seed/p7-cafe-lajka/web-0.png"",""https://dgncazemkqsfxxmjdrbq.supabase.co/storage/v1/object/public/establishment-photos/seed/p7-cafe-lajka/web-1.png"",""https://dgncazemkqsfxxmjdrbq.supabase.co/storage/v1/object/public/establishment-photos/seed/p7-cafe-lajka/web-2.png""]",verified,p7-cafe-lajka
2c9accfa-1f57-4b1c-a0c5-2ca825098185,Klub AVU,"A long-time favorite with art students and younger locals, best experienced on warm evenings when the garden fills up and the place gets properly busy. Cheap drinks, loose social energy and exactly the kind of unfancy Prague student scene that still feels authentic.",Bistro,Good,Czech Republic,Prague,"Prague 7, Prague",50.097,14.434,Modern European,Lunch,outdoor,FALSE,,,"[""Bar""]",https://dgncazemkqsfxxmjdrbq.supabase.co/storage/v1/object/public/establishment-photos/seed/p7-klub-avu/web-0.jpg,published,,2026-04-21 08:15:34.761636+00,2026-04-21 08:15:34.761636+00,"[""https://dgncazemkqsfxxmjdrbq.supabase.co/storage/v1/object/public/establishment-photos/seed/p7-klub-avu/web-0.jpg"",""https://dgncazemkqsfxxmjdrbq.supabase.co/storage/v1/object/public/establishment-photos/seed/p7-klub-avu/web-1.jpg"",""https://dgncazemkqsfxxmjdrbq.supabase.co/storage/v1/object/public/establishment-photos/seed/p7-klub-avu/web-2.jpg""]",verified,p7-klub-avu
a55657eb-fb7c-4960-8f9b-40338e4dcc21,Naše maso - Holešovická tržnice,"The legendary butcher concept that turned quality Czech meat into one of Prague’s cult food destinations now helping transform Holešovická tržnice as well. Come for exceptional burgers, sausages and butcher-shop classics — and expect crowds, because locals migrated here immediately.",Takeaway,Exceptional,Czech Republic,Prague,"Prague 7, Prague",50.097,14.434,Burgers,Lunch,outdoor,FALSE,,,"[""Beer"",""Butcher""]",https://dgncazemkqsfxxmjdrbq.supabase.co/storage/v1/object/public/establishment-photos/seed/p7-nase-maso-trznice/ai-0.png,published,,2026-04-21 08:16:14.216242+00,2026-04-21 08:16:14.216242+00,"[""https://dgncazemkqsfxxmjdrbq.supabase.co/storage/v1/object/public/establishment-photos/seed/p7-nase-maso-trznice/ai-0.png"",""https://dgncazemkqsfxxmjdrbq.supabase.co/storage/v1/object/public/establishment-photos/seed/p7-nase-maso-trznice/ai-1.png"",""https://dgncazemkqsfxxmjdrbq.supabase.co/storage/v1/object/public/establishment-photos/seed/p7-nase-maso-trznice/ai-2.png""]",verified,p7-nase-maso-trznice
27122dee-2480-4d11-8006-f511500bcc2a,ESKA,"Ambiente’s Karlín powerhouse now split into two strong identities: ESKA for legendary breakfasts, bread, coffee and one of Prague’s benchmark modern Czech dinners, and Stangl for a more focused elevated tasting experience - still upstairs. Together they remain one of the city’s most important serious food destinations.",Cafe,Great,Czech Republic,Prague,"Prague 8 - Karlin, Prague",50.097,14.434,Coffee,Breakfast,outdoor,FALSE,,,"[""Coffee"",""Bakery"",""Restaurant"",""Czech""]",,published,,2026-04-21 08:16:25.168265+00,2026-04-21 08:16:25.168265+00,[],verified,p7-eska
cc862361-6313-4d6c-887e-eddd634f6564,Choux Choux,"High-end French-style patisserie focused on elegant choux pastries, polished cakes and gift-box-level desserts that look almost too neat to eat. More boutique pastry salon than casual bakery stop, and a very good pick when ordinary koláč suddenly feels underdressed.",Cake Shop,New,Czech Republic,Prague,"Prague 7, Prague",50.097,14.434,Cakes,Dessert,indoor,FALSE,,,"[""Coffee"",""Bakery""]",https://dgncazemkqsfxxmjdrbq.supabase.co/storage/v1/object/public/establishment-photos/seed/p7-choux-choux/ai-0.png,published,,2026-04-21 08:16:26.738298+00,2026-04-21 08:16:26.738298+00,"[""https://dgncazemkqsfxxmjdrbq.supabase.co/storage/v1/object/public/establishment-photos/seed/p7-choux-choux/ai-0.png"",""https://dgncazemkqsfxxmjdrbq.supabase.co/storage/v1/object/public/establishment-photos/seed/p7-choux-choux/ai-1.png"",""https://dgncazemkqsfxxmjdrbq.supabase.co/storage/v1/object/public/establishment-photos/seed/p7-choux-choux/ai-2.png""]",verified,p7-choux-choux
feebfa17-35d6-454a-b340-5b9d5fce30b4,Veltlin,"One of Prague’s most respected wine bars, built around a smart natural wine list from across the old Austro-Hungarian belt rather than generic international bottles. Serious but unpretentious, and a superb choice when wine is the actual evening plan.",Wine Bar,Good,Czech Republic,Prague,"Prague 8 - Karlin, Prague",50.097,14.434,Wine,Drinks,indoor,FALSE,,,"[""Wine"",""Wine bar"",""Drinks""]",https://dgncazemkqsfxxmjdrbq.supabase.co/storage/v1/object/public/establishment-photos/seed/p7-veltin/web-0.jpg,published,,2026-04-21 08:16:40.441962+00,2026-04-21 08:30:58.401052+00,"[""https://dgncazemkqsfxxmjdrbq.supabase.co/storage/v1/object/public/establishment-photos/seed/p7-veltin/web-0.jpg"",""https://dgncazemkqsfxxmjdrbq.supabase.co/storage/v1/object/public/establishment-photos/seed/p7-veltin/web-1.jpg"",""https://dgncazemkqsfxxmjdrbq.supabase.co/storage/v1/object/public/establishment-photos/seed/p7-veltin/ai-0.png""]",verified,p7-veltin
858ffd7c-bcd8-4ad4-bd14-e460bd638801,TYPIKA Karlín,"Part of Prague’s increasingly visible Typika coffee family, but this roastery location still feels like a calm hidden minimalist retreat. Excellent coffee, restrained design and enough distance from Karlín bustle to make it one of the area’s better quiet coffee escapes.",Espresso Bar,Good,Czech Republic,Prague,"Prague 8 - Karlin, Prague",50.097,14.434,Coffee,Coffee,outdoor,FALSE,,,"[""Coffee"",""Espresso Bar""]",https://dgncazemkqsfxxmjdrbq.supabase.co/storage/v1/object/public/establishment-photos/seed/p7-typika/web-0.jpg,published,,2026-04-21 08:16:35.722963+00,2026-04-21 08:16:35.722963+00,"[""https://dgncazemkqsfxxmjdrbq.supabase.co/storage/v1/object/public/establishment-photos/seed/p7-typika/web-0.jpg"",""https://dgncazemkqsfxxmjdrbq.supabase.co/storage/v1/object/public/establishment-photos/seed/p7-typika/web-1.jpg"",""https://dgncazemkqsfxxmjdrbq.supabase.co/storage/v1/object/public/establishment-photos/seed/p7-typika/web-2.jpg""]",verified,p7-typika
92c97469-60af-42c1-8a7f-f81770ac281a,Etapa,"The once-trending vegetarian brunch darling that managed the harder trick of staying genuinely good after everyone discovered it. Beautiful plates, strong bakery output and a calm polished interior still make this one of Karlín’s more rewarding slower breakfasts.",Cafe,Great,Czech Republic,Prague,"Prague 8 - Karlin, Prague",50.097,14.434,Coffee,Breakfast,outdoor,FALSE,,,"[""Coffee"",""Baked goods"",""Brunch"",""Breakfast"",""Drinks""]",https://dgncazemkqsfxxmjdrbq.supabase.co/storage/v1/object/public/establishment-photos/seed/p7-etapa/web-0.jpg,published,,2026-04-21 08:16:41.104915+00,2026-04-21 08:16:41.104915+00,"[""https://dgncazemkqsfxxmjdrbq.supabase.co/storage/v1/object/public/establishment-photos/seed/p7-etapa/web-0.jpg"",""https://dgncazemkqsfxxmjdrbq.supabase.co/storage/v1/object/public/establishment-photos/seed/p7-etapa/web-1.jpg"",""https://dgncazemkqsfxxmjdrbq.supabase.co/storage/v1/object/public/establishment-photos/seed/p7-etapa/web-2.jpg""]",verified,p7-etapa
24aa3e26-d8f7-4f91-9069-5f202b4e50d3,Revír,"Stylish Karlín cocktail bar that becomes especially attractive in warmer months thanks to its outdoor setup and relaxed evening spillover. Good drinks, polished interior and a dependable option when beer suddenly feels too predictable.",Bar,Good,Czech Republic,Prague,"Prague 8 - Karlin, Prague",50.097,14.434,Cocktails,Drinks,outdoor,FALSE,,,"[""Bar"",""Drinks"",""Cocktails""]",https://dgncazemkqsfxxmjdrbq.supabase.co/storage/v1/object/public/establishment-photos/seed/p7-revir/web-0.jpg,published,,2026-04-21 08:16:44.498095+00,2026-04-21 08:16:44.498095+00,"[""https://dgncazemkqsfxxmjdrbq.supabase.co/storage/v1/object/public/establishment-photos/seed/p7-revir/web-0.jpg"",""https://dgncazemkqsfxxmjdrbq.supabase.co/storage/v1/object/public/establishment-photos/seed/p7-revir/web-1.png"",""https://dgncazemkqsfxxmjdrbq.supabase.co/storage/v1/object/public/establishment-photos/seed/p7-revir/web-2.png""]",verified,p7-revir
5c3fef9f-a2aa-44ef-9f98-d0b8dcae045f,Bufet,"Fast-casual sibling sitting across the courtyard from Dva Kohouti, serving burgers, fried cheese, sausages and Czech comfort snacks with equally fresh beer on hand. At peak hours it feeds the whole beer crowd, but off-peak it becomes a surprisingly pleasant industrial lunch stop in its own right.",Takeaway,Good,Czech Republic,Prague,"Prague 8 - Karlin, Prague",50.097,14.434,Burgers,Dinner,outdoor,FALSE,,,"[""Fast food"",""Burgers"",""Beer"",""Czech""]",https://dgncazemkqsfxxmjdrbq.supabase.co/storage/v1/object/public/establishment-photos/seed/p7-bufet/web-0.jpg,published,,2026-04-21 08:16:48.905479+00,2026-04-21 08:16:48.905479+00,"[""https://dgncazemkqsfxxmjdrbq.supabase.co/storage/v1/object/public/establishment-photos/seed/p7-bufet/web-0.jpg"",""https://dgncazemkqsfxxmjdrbq.supabase.co/storage/v1/object/public/establishment-photos/seed/p7-bufet/web-1.jpg"",""https://dgncazemkqsfxxmjdrbq.supabase.co/storage/v1/object/public/establishment-photos/seed/p7-bufet/web-2.jpg""]",verified,p7-bufet
1b3da275-d8b5-437b-9150-cfd3b236e3ad,Dear Watson,"A newer Karlín pub concept built around a playful Sherlock Holmes theme, but the real surprise is that the food and beer program are taken seriously enough to make it more than décor. English comfort classics, strong Guinness pours and a warm lively atmosphere give this place genuine staying power.",Pub,Good,Czech Republic,Prague,"Prague 8 - Karlin, Prague",50.097,14.434,Beer,Drinks,indoor,FALSE,,,"[""Bar"",""Beer""]",https://dgncazemkqsfxxmjdrbq.supabase.co/storage/v1/object/public/establishment-photos/seed/p7-dear-watson/web-0.webp,published,,2026-04-21 08:16:37.164675+00,2026-04-21 08:16:37.164675+00,"[""https://dgncazemkqsfxxmjdrbq.supabase.co/storage/v1/object/public/establishment-photos/seed/p7-dear-watson/web-0.webp"",""https://dgncazemkqsfxxmjdrbq.supabase.co/storage/v1/object/public/establishment-photos/seed/p7-dear-watson/web-1.webp"",""https://dgncazemkqsfxxmjdrbq.supabase.co/storage/v1/object/public/establishment-photos/seed/p7-dear-watson/web-2.webp""]",verified,p7-dear-watson
173c9874-0dad-4d57-8bbd-410dc0a525ec,Favoreat,"Bright modern bakery-bistro with an all-day menu built around polished breakfasts, sandwiches, pastries and quality coffee. A stylish dependable Karlín default that works especially well when you want something lighter and cleaner than the district’s louder beer-and-burger options.",Takeaway,New,Czech Republic,Prague,"Prague 8 - Karlin, Prague",50.097,14.434,Sandwiches,Lunch,counter,FALSE,,,"[""Sandwhich""]",,published,,2026-04-21 08:16:50.385174+00,2026-04-21 08:16:50.385174+00,[],verified,p7-favoreat
0b8baeba-51a6-4b0c-b2b0-9898800d46e0,Light Roast Coffee,"Simple understated café with one of the nicer quiet outlooks over the Libeň docks. Good coffee, a few small treats and a notably calm setting make this a very easy low-key pause if you are in this less café-dense pocket of Prague.",Coffee Shop,Good,Czech Republic,Prague,"Prague 8 - Libeň, Prague",50.097,14.434,Coffee,Breakfast,outdoor,FALSE,,,"[""Cafe"",""Coffee"",""Breakfast""]",https://dgncazemkqsfxxmjdrbq.supabase.co/storage/v1/object/public/establishment-photos/seed/p7-light-roast-coffee/web-0.jpg,published,,2026-04-21 08:17:06.37454+00,2026-04-21 08:17:06.37454+00,"[""https://dgncazemkqsfxxmjdrbq.supabase.co/storage/v1/object/public/establishment-photos/seed/p7-light-roast-coffee/web-0.jpg"",""https://dgncazemkqsfxxmjdrbq.supabase.co/storage/v1/object/public/establishment-photos/seed/p7-light-roast-coffee/web-1.jpg"",""https://dgncazemkqsfxxmjdrbq.supabase.co/storage/v1/object/public/establishment-photos/seed/p7-light-roast-coffee/web-2.jpg""]",verified,p7-light-roast-coffee
3a793fc3-b59d-4043-893c-d877654ff2b8,Lagom bistro,"One of the more popular newcomers in Karlín’s newest development zone, built around all-day brunch, homemade desserts, specialty coffee and a calm Scandinavian-clean interior. Family friendly without feeling childish, polished without feeling cold, and quickly becoming a real neighborhood default.",Bistro,New,Czech Republic,Prague,"Prague 8 - Karlin, Prague",50.097,14.434,Coffee,Breakfast,outdoor,FALSE,,,"[""Vietnamese"",""Breakfast"",""Coffee""]",https://dgncazemkqsfxxmjdrbq.supabase.co/storage/v1/object/public/establishment-photos/seed/p7-lagom-bistro/web-0.jpg,published,,2026-04-21 08:17:07.534467+00,2026-04-21 08:17:07.534467+00,"[""https://dgncazemkqsfxxmjdrbq.supabase.co/storage/v1/object/public/establishment-photos/seed/p7-lagom-bistro/web-0.jpg"",""https://dgncazemkqsfxxmjdrbq.supabase.co/storage/v1/object/public/establishment-photos/seed/p7-lagom-bistro/web-1.jpg"",""https://dgncazemkqsfxxmjdrbq.supabase.co/storage/v1/object/public/establishment-photos/seed/p7-lagom-bistro/web-2.png""]",verified,p7-lagom-bistro
3b017ed9-116e-4b96-9c0f-0a2570be7f6c,Blue fjord,"Nordic-inspired seafood bistro centered around fresh fish, oysters, open sandwiches and clean Scandinavian flavors that stand out sharply from Karlín’s heavier comfort-food scene. A very good choice when you want something lighter, sharper and a little more polished than the neighborhood norm.",Restaurant,New,Czech Republic,Prague,"Prague 8 - Karlin, Prague",50.097,14.434,Seafood,Dinner,indoor,FALSE,,,"[""Seafood""]",https://dgncazemkqsfxxmjdrbq.supabase.co/storage/v1/object/public/establishment-photos/seed/p7-blue-fjord/web-0.webp,published,,2026-04-21 08:16:53.656378+00,2026-04-21 08:31:09.487323+00,"[""https://dgncazemkqsfxxmjdrbq.supabase.co/storage/v1/object/public/establishment-photos/seed/p7-blue-fjord/web-0.webp"",""https://dgncazemkqsfxxmjdrbq.supabase.co/storage/v1/object/public/establishment-photos/seed/p7-blue-fjord/ai-0.png"",""https://dgncazemkqsfxxmjdrbq.supabase.co/storage/v1/object/public/establishment-photos/seed/p7-blue-fjord/ai-1.png""]",verified,p7-blue-fjord
a9d775b8-3270-45f2-8698-5ad17f591614,Pohostinec Karlín,"Exactly the kind of efficient Karlín lunch workhorse office people rely on: fast service, fair prices and solid modern european daily meals that arrive without unnecessary delay. Not destination dining, but one of the area’s smartest practical weekday lunch solutions.",Restaurant,Good,Czech Republic,Prague,"Prague 8 - Karlin, Prague",50.097,14.434,Modern European,Lunch,indoor,FALSE,,,"[""Modern European""]",https://dgncazemkqsfxxmjdrbq.supabase.co/storage/v1/object/public/establishment-photos/seed/p7-pohostinec/web-0.jpg,published,,2026-04-21 08:16:53.823831+00,2026-04-21 08:16:53.823831+00,"[""https://dgncazemkqsfxxmjdrbq.supabase.co/storage/v1/object/public/establishment-photos/seed/p7-pohostinec/web-0.jpg"",""https://dgncazemkqsfxxmjdrbq.supabase.co/storage/v1/object/public/establishment-photos/seed/p7-pohostinec/web-1.jpg"",""https://dgncazemkqsfxxmjdrbq.supabase.co/storage/v1/object/public/establishment-photos/seed/p7-pohostinec/web-2.jpg""]",verified,p7-pohostinec
a8ec7dd1-94e9-4cf7-a696-e2170ba9e48d,The Miners Coffee Roastery,"The Libeň roastery branch of Prague’s now-ubiquitous Miners operation, giving the familiar sleek coffee formula a little more legitimacy by roasting on site. Spacious, modern and coffee-serious, this is one of the stronger Miners stops if you still have room in your life for one more.",Coffee Shop,Good,Czech Republic,Prague,"Prague 8 - Libeň, Prague",50.097,14.434,Coffee,Breakfast,indoor,FALSE,,,"[""Coffee"",""Light fare""]",,published,,2026-04-21 08:17:07.665506+00,2026-04-21 08:17:07.665506+00,[],verified,p7-miners-liben
6a3037ae-e731-4929-9b6b-f43b96cf49ac,Riders coffee,"By now a long-standing river route staple where cyclists, walkers and weekend drifters naturally stop for coffee, pastry and occasional Angelato ice cream. Casual, outdoorsy and perfectly placed for a pause rather than a formal café sit-down.",Coffee Shop,Good,Czech Republic,Prague,"Prague 8 - Karlin, Prague",50.097,14.434,Coffee,Coffee,outdoor,FALSE,,,"[""Coffee""]",https://dgncazemkqsfxxmjdrbq.supabase.co/storage/v1/object/public/establishment-photos/seed/p7-riders-coffee/web-0.jpg,published,,2026-04-21 08:16:56.296026+00,2026-04-21 08:16:56.296026+00,"[""https://dgncazemkqsfxxmjdrbq.supabase.co/storage/v1/object/public/establishment-photos/seed/p7-riders-coffee/web-0.jpg"",""https://dgncazemkqsfxxmjdrbq.supabase.co/storage/v1/object/public/establishment-photos/seed/p7-riders-coffee/web-1.jpg"",""https://dgncazemkqsfxxmjdrbq.supabase.co/storage/v1/object/public/establishment-photos/seed/p7-riders-coffee/web-2.jpg""]",verified,p7-riders-coffee
35b4118a-5643-4de0-90d6-0d1845618cdd,KRO Libeň,"Latest landing place for the nomadic KRO chicken concept that keeps popping up because people keep following it. Excellent rotisserie chicken, rich sides and a menu built around simple things done properly — a very strong comfort-food stop when hunger is not theoretical.",Bistro,New,Czech Republic,Prague,"Prague 8 - Libeň, Prague",50.097,14.434,Chicken,Lunch,outdoor,FALSE,,,"[""Modern European"",""Drinks""]",https://dgncazemkqsfxxmjdrbq.supabase.co/storage/v1/object/public/establishment-photos/seed/p7-kro-bistro/web-0.jpg,published,,2026-04-21 08:17:07.776464+00,2026-04-21 08:17:07.776464+00,"[""https://dgncazemkqsfxxmjdrbq.supabase.co/storage/v1/object/public/establishment-photos/seed/p7-kro-bistro/web-0.jpg"",""https://dgncazemkqsfxxmjdrbq.supabase.co/storage/v1/object/public/establishment-photos/seed/p7-kro-bistro/web-1.png"",""https://dgncazemkqsfxxmjdrbq.supabase.co/storage/v1/object/public/establishment-photos/seed/p7-kro-bistro/web-2.jpg""]",verified,p7-kro-bistro
85de0d55-0433-4496-8cde-bea8057fb725,Krystal bistro,"Krystal has evolved well beyond its earlier burger reputation into one of Karlín’s most dependable polished neighborhood bistros. Modern Czech and European plates, excellent service, strong wine and a menu that stays ambitious without becoming pretentious make this a very safe grown-up dinner choice.",Restaurant,Good,Czech Republic,Prague,"Prague 8 - Karlin, Prague",50.097,14.434,Steak,Dinner,indoor,FALSE,,,"[""Modern European""]",https://dgncazemkqsfxxmjdrbq.supabase.co/storage/v1/object/public/establishment-photos/seed/p7-krystal-bistro/web-0.jpg,published,,2026-04-21 08:17:00.619704+00,2026-04-21 08:17:00.619704+00,"[""https://dgncazemkqsfxxmjdrbq.supabase.co/storage/v1/object/public/establishment-photos/seed/p7-krystal-bistro/web-0.jpg"",""https://dgncazemkqsfxxmjdrbq.supabase.co/storage/v1/object/public/establishment-photos/seed/p7-krystal-bistro/web-1.jpg"",""https://dgncazemkqsfxxmjdrbq.supabase.co/storage/v1/object/public/establishment-photos/seed/p7-krystal-bistro/web-2.jpg""]",verified,p7-krystal-bistro
58584caf-2f0f-4868-b591-d1bd2acc49fb,Garage,"A Prague cult classic for takeaway poutine and indulgent Canadian comfort food that people happily cross neighborhoods for. Small format, no nonsense and exactly the kind of greasy rewarding stop that solves a bad day very quickly.",Takeaway,Great,Czech Republic,Prague,"Prague 8 - Karlin, Prague",50.097,14.434,Canadian,Lunch,counter,FALSE,,,"[""Poutine"",""Fast food""]",https://dgncazemkqsfxxmjdrbq.supabase.co/storage/v1/object/public/establishment-photos/seed/p7-garage/web-0.jpg,published,,2026-04-21 08:16:27.843535+00,2026-04-21 08:30:48.228256+00,"[""https://dgncazemkqsfxxmjdrbq.supabase.co/storage/v1/object/public/establishment-photos/seed/p7-garage/web-0.jpg"",""https://dgncazemkqsfxxmjdrbq.supabase.co/storage/v1/object/public/establishment-photos/seed/p7-garage/web-1.jpg"",""https://dgncazemkqsfxxmjdrbq.supabase.co/storage/v1/object/public/establishment-photos/seed/p7-garage/ai-0.png""]",verified,p7-garage
